FHIR IG Publisher Version 2.3.3 (Git# 08d4edaaca6e). Built 2026-08-27T00:36:51.914Z (25 hours old)
Detected Java version: 22.0.1 from C:\Program Files\Java\jdk-22 on amd64 (64bit). 20000MB available
dir = D:\IG\V12_Test, path = C:\Python312\Scripts\;C:\Python312\;C:\Program Files\Common Files\Oracle\Java\javapath;C:\WINDOWS\system32;C:\WINDOWS;C:\WINDOWS\System32\Wbem;C:\WINDOWS\System32\WindowsPowerShell\v1.0\;C:\WINDOWS\System32\OpenSSH\;C:\Program Files\Java\jdk-22\bin;C:\ProgramData\chocolatey\bin;C:\Program Files (x86)\Microsoft SQL Server\Client SDK\ODBC\130\Tools\Binn\;C:\Program Files (x86)\Microsoft SQL Server\130\Tools\Binn\;C:\Program Files (x86)\Microsoft SQL Server\130\DTS\Binn\;C:\Program Files (x86)\Microsoft SQL Server\130\Tools\Binn\ManagementStudio\;C:\Program Files (x86)\Microsoft SQL Server\160\DTS\Binn\;;C:\Program Files\Rancher Desktop\resources\resources\win32\bin\;C:\Program Files\Rancher Desktop\resources\resources\win32\docker-cli-plugins\;C:\Program Files\Rancher Desktop\resources\resources\linux\bin\;C:\Program Files\Rancher Desktop\resources\resources\linux\docker-cli-plugins\;C:\Program Files\Docker\Docker\resources\bin;C:\DEVAPPS\Oracle-SQLDeveloper-18.4.0-376.1900-x64;C:\Program Files\PolicyPak\;C:\PROGRA~1\EGVMAG~1\bin;C:\PROGRA~1\EGVMAG~1\lib;C:\Program Files\nodejs\;C:\Ruby33-x64\bin;C:\Users\eren\AppData\Local\Microsoft\WindowsApps;C:\Users\eren\AppData\Local\Programs\Microsoft VS Code\bin;C:\Users\eren\AppData\Local\Programs\Git\cmd;C:\Users\eren\AppData\Roaming\npm;;C:\Users\eren\AppData\Local\Programs\Ollama
Parameters: -go-publish -source build -web publication/web-root -registry publication/ig-registry/fhir-ig-list.json -history publication/ig-history -templates publication/web-root/history-templates -resetTxErrors
---------------
Publication Run: publish build to publication/web-root
Relative directory for IG is '\cibmtr-reporting'
===== Web Publication Run Details ===============================
 Source IG: nmdp.fhir.cibmtr-reporting#0.1.12 : http://fhir.nmdp.org/ig/cibmtr-reporting (R4) from build
All checks passed. Do the publication build from D:\IG\V12_Test\build and publish to C:\Users\eren\AppData\Local\Temp\web-root\run-20260827\cibmtr-reporting
Prepare Build space in C:\Users\eren\AppData\Local\Temp\ig-builds\nmdp.fhir.cibmtr-reporting#0.1.12
Build IG at D:\IG\V12_Test\build: final copy suitable for publication (in C:\Users\eren\AppData\Local\Temp\ig-builds\nmdp.fhir.cibmtr-reporting#0.1.12)
FHIR IG Publisher Version 2.3.3 (Git# 08d4edaaca6e). Built 2026-08-27T00:36:51.914Z (25 hours old)  
Detected Java version: 22.0.1 from C:\Program Files\Java\jdk-22 on Windows 11/amd64 (64bit). 20000MB available
dir = D:\IG\V12_Test, path = C:\Python312\Scripts\;C:\Python312\;C:\Program Files\Common Files\Oracle\Java\javapath;C:\WINDOWS\system32;C:\WINDOWS;C:\WINDOWS\System32\Wbem;C:\WINDOWS\System32\WindowsPowerShell\v1.0\;C:\WINDOWS\System32\OpenSSH\;C:\Program Files\Java\jdk-22\bin;C:\ProgramData\chocolatey\bin;C:\Program Files (x86)\Microsoft SQL Server\Client SDK\ODBC\130\Tools\Binn\;C:\Program Files (x86)\Microsoft SQL Server\130\Tools\Binn\;C:\Program Files (x86)\Microsoft SQL Server\130\DTS\Binn\;C:\Program Files (x86)\Microsoft SQL Server\130\Tools\Binn\ManagementStudio\;C:\Program Files (x86)\Microsoft SQL Server\160\DTS\Binn\;;C:\Program Files\Rancher Desktop\resources\resources\win32\bin\;C:\Program Files\Rancher Desktop\resources\resources\win32\docker-cli-plugins\;C:\Program Files\Rancher Desktop\resources\resources\linux\bin\;C:\Program Files\Rancher Desktop\resources\resources\linux\docker-cli-plugins\;C:\Program Files\Docker\Docker\resources\bin;C:\DEVAPPS\Oracle-SQLDeveloper-18.4.0-376.1900-x64;C:\Program Files\PolicyPak\;C:\PROGRA~1\EGVMAG~1\bin;C:\PROGRA~1\EGVMAG~1\lib;C:\Program Files\nodejs\;C:\Ruby33-x64\bin;C:\Users\eren\AppData\Local\Microsoft\WindowsApps;C:\Users\eren\AppData\Local\Programs\Microsoft VS Code\bin;C:\Users\eren\AppData\Local\Programs\Git\cmd;C:\Users\eren\AppData\Roaming\npm;;C:\Users\eren\AppData\Local\Programs\Ollama
Parameters: -publish http://fhir.nmdp.org/ig/cibmtr-reporting/0.1.12 -no-exit -ig C:\Users\eren\AppData\Local\Temp\ig-builds\nmdp.fhir.cibmtr-reporting#0.1.12 -resetTx
Character encoding = UTF-8 / UTF-8                                                                  
Start Clock @ Thursday, August 27, 2026, 8:40:53 PM Central Daylight Time (2026-08-27T20:40:53-05:00)
                                                                                                    
Build FHIR IG from C:\Users\eren\AppData\Local\Temp\ig-builds\nmdp.fhir.cibmtr-reporting#0.1.12      (00:00.017 / 00:00.018, 97Mb)
Build Formal Publication package, intended for http://fhir.nmdp.org/ig/cibmtr-reporting/0.1.12       (00:00.005 / 00:00.023, 97Mb)
No FHIR settings file at C:\Users\eren\.fhir\fhir-settings.json; using defaults (no API keys or npm path) (00:00.001 / 00:00.024, 98Mb)
Package Cache: C:\Users\eren\.fhir\packages                                                          (00:00.003 / 00:00.028, 98Mb)
Run Sushi on C:\Users\eren\AppData\Local\Temp\ig-builds\nmdp.fhir.cibmtr-reporting#0.1.12            (00:00.007 / 00:00.036, 98Mb)
Sushi: info  Running SUSHI v3.20.1 (implements FHIR Shorthand specification v3.0.0)                  (00:00.951 / 00:00.987, 102Mb)
Sushi: info  Arguments:                                                                              (00:00.001 / 00:00.989, 102Mb)
Sushi: info    --require-latest                                                                      (00:00.001 / 00:00.990, 102Mb)
Sushi: info    --out C:\Users\eren\AppData\Local\Temp\ig-builds\nmdp.fhir.cibmtr-reporting#0.1.12    (00:00.001 / 00:00.991, 102Mb)
Sushi: info    C:\Users\eren\AppData\Local\Temp\ig-builds\nmdp.fhir.cibmtr-reporting#0.1.12          (00:00.001 / 00:00.992, 102Mb)
Sushi: npm warn Unknown user config "scripts-prepend-node-path". This will stop working in the next major version of npm. See `npm help npmrc` for supported config options. (00:01.711 / 00:02.703, 102Mb)
Sushi: info  Using configuration file: C:\Users\eren\AppData\Local\Temp\ig-builds\nmdp.fhir.cibmtr-reporting#0.1.12\sushi-config.yaml (00:00.082 / 00:02.787, 102Mb)
Sushi: info  Importing FSH text...                                                                   (00:00.100 / 00:02.887, 102Mb)
Sushi: info  Preprocessed 51 documents with 19 aliases.                                              (00:00.249 / 00:03.137, 102Mb)
Sushi: info  Imported 65 definitions and 37 instances.                                               (00:00.052 / 00:03.189, 102Mb)
Sushi: info  Loaded virtual package sushi-r5forR4#1.0.0 with 7 resources                             (00:00.110 / 00:03.299, 102Mb)
Sushi: info  Resolved hl7.fhir.uv.tools.r4#latest to concrete version 1.1.2                          (00:00.563 / 00:03.863, 102Mb)
Sushi: info  Loaded hl7.fhir.uv.tools.r4#1.1.2 with 119 resources                                    (00:00.185 / 00:04.049, 102Mb)
Sushi: info  Resolved hl7.terminology.r4#latest to concrete version 7.3.0                            (00:00.137 / 00:04.187, 102Mb)
Sushi: info  Loaded hl7.terminology.r4#7.3.0 with 4176 resources                                     (00:05.847 / 00:10.035, 102Mb)
Sushi: info  Loaded hl7.fhir.us.core#9.0.0 with 213 resources                                        (00:00.317 / 00:10.352, 102Mb)
Sushi: info  Loaded hl7.fhir.us.mcode#4.0.0 with 171 resources                                       (00:00.277 / 00:10.630, 102Mb)
Sushi: info  Loaded hl7.fhir.uv.genomics-reporting#2.0.0 with 50 resources                           (00:00.096 / 00:10.726, 102Mb)
Sushi: info  Loaded hl7.fhir.r4.core#4.0.1 with 4581 resources                                       (00:06.089 / 00:16.816, 102Mb)
Sushi: info  Resolved hl7.fhir.uv.extensions.r4#latest to concrete version 5.3.0                     (00:00.142 / 00:16.958, 102Mb)
Sushi: info  Loaded hl7.fhir.uv.extensions.r4#5.3.0 with 885 resources                               (00:01.144 / 00:18.102, 102Mb)
Sushi: info  Loaded virtual package sushi-local#LOCAL with 0 resources                               (00:00.009 / 00:18.112, 102Mb)
Sushi: info  Converting FSH to FHIR resources...                                                     (00:00.021 / 00:18.134, 102Mb)
Sushi: info  Converted 18 FHIR StructureDefinitions.                                                 (00:00.884 / 00:19.018, 102Mb)
Sushi: info  Converted 1 FHIR CodeSystems.                                                           (00:00.013 / 00:19.031, 102Mb)
Sushi: info  Converted 46 FHIR ValueSets.                                                            (00:00.555 / 00:19.586, 102Mb)
Sushi: info  Converted 37 FHIR instances.                                                            (00:02.793 / 00:22.380, 102Mb)
Sushi: info  Exporting FHIR resources as JSON...                                                     (00:00.001 / 00:22.382, 102Mb)
Sushi: info  Exported 102 FHIR resources as JSON.                                                    (00:00.152 / 00:22.534, 102Mb)
Sushi: info  Assembling Implementation Guide sources...                                              (00:00.006 / 00:22.540, 102Mb)
Sushi: info  Generated ImplementationGuide-nmdp.fhir.cibmtr-reporting.json                           (00:00.075 / 00:22.616, 102Mb)
Sushi: info  Assembled Implementation Guide sources; ready for IG Publisher.                         (00:00.001 / 00:22.617, 102Mb)
Sushi: ========================= SUSHI RESULTS ===========================                           (00:00.002 / 00:22.620, 102Mb)
Sushi: |  -------------------------------------------------------------  |                           (00:00.001 / 00:22.622, 102Mb)
Sushi: | |    Profiles   |  Extensions  |   Logicals   |   Resources   | |                           (00:00.001 / 00:22.623, 102Mb)
Sushi: | |-------------------------------------------------------------| |                           (00:00.001 / 00:22.624, 102Mb)
Sushi: | |      17       |      1       |      0       |       0       | |                           (00:00.003 / 00:22.627, 102Mb)
Sushi: |  -------------------------------------------------------------  |                           (00:00.001 / 00:22.628, 102Mb)
Sushi: |  -------------------------------------------------------------  |                           (00:00.001 / 00:22.630, 102Mb)
Sushi: | |      ValueSets     |    CodeSystems    |     Instances      | |                           (00:00.001 / 00:22.631, 102Mb)
Sushi: | |-------------------------------------------------------------| |                           (00:00.001 / 00:22.632, 102Mb)
Sushi: | |         46         |         1         |         37         | |                           (00:00.001 / 00:22.634, 102Mb)
Sushi: |  -------------------------------------------------------------  |                           (00:00.001 / 00:22.636, 102Mb)
Sushi: |                                                                 |                           (00:00.001 / 00:22.637, 102Mb)
Sushi: ===================================================================                           (00:00.000 / 00:22.638, 102Mb)
Sushi: | You've earned a seal of approval.      0 Errors      0 Warnings |                           (00:00.001 / 00:22.639, 102Mb)
Sushi: ===================================================================                           (00:00.001 / 00:22.640, 102Mb)
Root directory: C:\Users\eren\AppData\Local\Temp\ig-builds\nmdp.fhir.cibmtr-reporting#0.1.12         (00:00.060 / 00:22.701, 102Mb)
Unable to load IG as an r5 IG - try R4 (property code is a class com.google.gson.JsonPrimitive looking for an object) (00:00.569 / 00:23.271, 29Mb)
Load Template from #cibmtr-template                                                                  (00:00.620 / 00:23.891, 73Mb)
 Load Template from fhir.base.template#current                                                       (00:00.015 / 00:23.906, 73Mb)
[33mThis content depends on fhir.base.template which is no longer considered secure to use
[0;39m[33mSee Security notification at https://www.fhir.org/guides/security-notices/2026-03-npm-dependencies.html
[0;39mScanning directory: C:\Users\eren\AppData\Local\Temp\ig-builds\nmdp.fhir.cibmtr-reporting#0.1.12\template
======================================================================
Terminology Cache is at C:\Users\eren\AppData\Local\Temp\ig-builds\nmdp.fhir.cibmtr-reporting#0.1.12\input-cache\txcache. Clearing now (00:09.150 / 00:33.056, 145Mb)
Core Package hl7.fhir.r4.core#4.0.1                                                                  (00:00.016 / 00:33.073, 145Mb)
Running Terminology Log: C:\Users\eren\AppData\Local\Temp\ohfu-fhir-ig-5178874944258501757.html
Connect to Terminology Server at https://tx.fhir.org                                                 (00:05.735 / 00:38.809, 241Mb)
[39mLoad Package hl7.fhir.pubpack#0.2.5
[0;39m[39mLoad Package hl7.fhir.xver-extensions#0.1.0
[0;39m[39mLoad Package hl7.terminology.r4#7.3.0
[0;39m[39mLoad Package hl7.fhir.uv.extensions.r4#5.3.0
[0;39m[39mLoad Package hl7.fhir.uv.extensions.r4#5.2.0
[0;39m[39mLoad Package hl7.terminology.r4#7.1.0
[0;39m[39mLoad Package hl7.fhir.uv.extensions.r4#5.1.0-snapshot1
[0;39m[39mLoad Package hl7.fhir.uv.extensions.r4#1.0.0
[0;39m[39mLoad Package hl7.terminology#5.5.0
[0;39m[39mLoad Package hl7.fhir.uv.smart-app-launch#2.2.0
[0;39m[39mLoad Package hl7.fhir.uv.xver-r5.r4#0.1.0
[0;39m[39mLoad Package hl7.fhir.uv.tools.r4#1.1.2
[0;39mIgnore Dependency on Core FHIR hl7.fhir.r4.examples#4.0.1, from package 'hl7.fhir.uv.sdc#4.0.0'      (00:14.080 / 00:52.890, 1Gb)
[39mLoad Package hl7.terminology.r4#6.5.0
[0;39m[39mLoad Package hl7.fhir.uv.extensions.r4#5.3.0-ballot-tc1
[0;39m[39mLoad Package hl7.fhir.uv.sdc#4.0.0
[0;39m[39mLoad Package us.cdc.phinvads#0.12.0
[0;39m[39mLoad Package hl7.fhir.us.core#9.0.0
[0;39m[39mLoad Package hl7.terminology.r4#6.2.0
[0;39m[39mLoad Package hl7.fhir.uv.genomics-reporting#2.0.0
[0;39m[39mLoad Package hl7.terminology.r4#5.0.0
[0;39m[39mLoad Package hl7.fhir.uv.bulkdata#2.0.0
[0;39m[39mLoad Package hl7.fhir.uv.smart-app-launch#2.1.0
[0;39m[39mLoad Package us.nlm.vsac#0.11.0
[0;39mIgnore Dependency on Core FHIR hl7.fhir.r4.examples#4.0.1, from package 'hl7.fhir.uv.sdc#3.0.0'      (00:15.667 / 01:08.557, 1Gb)
[39mLoad Package hl7.fhir.uv.sdc#3.0.0
[0;39m[39mLoad Package ihe.formatcode.fhir#1.1.0
[0;39m[39mLoad Package hl7.fhir.us.core#6.1.0
[0;39m[39mLoad Package hl7.fhir.us.mcode#4.0.0
[0;39m[39mLoad Package hl7.fhir.uv.genomics-reporting#2.0.0
[0;39m[39mLoad Package hl7.fhir.uv.tools.r4#1.1.2
[0;39mLoad R5 Specials
Initialization complete                                                                              (00:08.274 / 01:16.831, 1Gb)
Load IG                                                                                              (00:00.001 / 01:16.833, 1Gb)
Load Content                                                                                         (00:00.004 / 01:16.837, 1Gb)
Using en-US as the default narrative language. (no language information in Implementation Guide)     (00:00.088 / 01:16.926, 1Gb)
Process Loaded Resources                                                                             (00:00.661 / 01:17.588, 1Gb)
Generating Snapshots                                                                                 (00:00.294 / 01:17.883, 1Gb)

Signing Certificate: RSA key for Subject: OU=IG Publisher, L=Ann Arbor, CN=hl7.org, O=HL7, ST=Missouri, C=us from: OU=IG Publisher, L=Ann Arbor, CN=hl7.org, O=HL7, ST=Missouri, C=us
Fetch https://fhir.nmdp.org/ig/cibmtr-reporting/package-list.json for version check                  (00:00.837 / 01:18.720, 2Gb)
Checking Language                                                                                    (00:00.296 / 01:19.016, 2Gb)
Load Dependency Info                                                                                 (00:00.004 / 01:19.021, 2Gb)
Load Info                                                                                            (00:00.003 / 01:19.024, 2Gb)
Load Paths                                                                                           (00:00.002 / 01:19.027, 2Gb)
Check R4 / R4B                                                                                       (00:00.001 / 01:19.029, 2Gb)
Assign Comparison Ids                                                                                (00:00.092 / 01:19.122, 2Gb)
Propagating status                                                                                   (00:00.001 / 01:19.123, 2Gb)
Generating Narratives                                                                                (00:00.001 / 01:19.125, 2Gb)
Validating Conformance Resources                                                                     (00:08.714 / 01:27.839, 2Gb)
Check profiles & code systems                                                                        (00:18.102 / 01:45.942, 1Gb)
Check realm rules                                                                                    (00:00.004 / 01:45.946, 1Gb)
Previous Version Comparison                                                                          (00:00.001 / 01:45.948, 1Gb)
Comparing previous version 0.1.11                                                                    (00:00.001 / 01:45.949, 1Gb)
[39mInstalling nmdp.fhir.cibmtr-reporting#0.1.11 to the package cache
[0;39m[39m  Fetching:
[0;39m[33mError fetching https://packages2.fhir.org/packages/nmdp.fhir.cibmtr-reporting: Not Found
[0;39m[33mError fetching https://packages.fhir.org/nmdp.fhir.cibmtr-reporting: Not Found
[0;39morg.hl7.fhir.exceptions.FHIRException: Unable to resolve package id nmdp.fhir.cibmtr-reporting#0.1.11
	at org.hl7.fhir.utilities.npm.FilesystemPackageCacheManager.fetchTheOldWay(FilesystemPackageCacheManager.java:849)
	at org.hl7.fhir.utilities.npm.FilesystemPackageCacheManager.loadFromPackageServer(FilesystemPackageCacheManager.java:344)
	at org.hl7.fhir.utilities.npm.FilesystemPackageCacheManager.loadPackage(FilesystemPackageCacheManager.java:738)
	at org.hl7.fhir.igtools.publisher.comparators.PreviousVersionComparator.startChecks(PreviousVersionComparator.java:204)
	at org.hl7.fhir.igtools.publisher.PublisherProcessor.checkConformanceResources(PublisherProcessor.java:1482)
	at org.hl7.fhir.igtools.publisher.PublisherProcessor.loadConformance2(PublisherProcessor.java:103)
	at org.hl7.fhir.igtools.publisher.Publisher.createIg(Publisher.java:397)
	at org.hl7.fhir.igtools.publisher.Publisher.execute(Publisher.java:226)
	at org.hl7.fhir.igtools.publisher.Publisher.main(Publisher.java:1601)
	at org.hl7.fhir.igtools.web.PublicationProcess.runBuild(PublicationProcess.java:1264)
	at org.hl7.fhir.igtools.web.PublicationProcess.doPublish(PublicationProcess.java:629)
	at org.hl7.fhir.igtools.web.PublicationProcess.publishInner2(PublicationProcess.java:526)
	at org.hl7.fhir.igtools.web.PublicationProcess.publishInner(PublicationProcess.java:297)
	at org.hl7.fhir.igtools.web.PublicationProcess.publish(PublicationProcess.java:152)
	at org.hl7.fhir.igtools.publisher.Publisher.main(Publisher.java:1340)
.. loaded. Process                                                                                   (00:00.802 / 01:46.752, 1Gb)
finish previous version comparison                                                                   (00:00.001 / 01:46.754, 1Gb)
finish ipa version                                                                                   (00:00.746 / 01:47.500, 1Gb)
finish ips version                                                                                   (00:00.001 / 01:47.501, 1Gb)
comparisons done                                                                                     (00:00.000 / 01:47.502, 1Gb)
Checking for Bundles to sign                                                                         (00:00.036 / 01:47.539, 1Gb)
Validating Resources                                                                                 (00:00.004 / 01:47.545, 1Gb)
[33mGot error response with no Content-Type from https://terminologystandardsservice.ca/tx/fhir with status 401
[0;39m[33m
[0;39m[33mGot error response with no Content-Type from https://terminologystandardsservice.ca/tx/fhir with status 401
[0;39m[33m
[0;39m[33mGot error response with no Content-Type from https://terminologystandardsservice.ca/tx/fhir with status 401
[0;39m[33m
[0;39m[33mGot error response with no Content-Type from https://terminologystandardsservice.ca/tx/fhir with status 401
[0;39m[33m
[0;39mProcessing Provenance Records                                                                        (01:07.397 / 02:54.941, 1Gb)
Generating Outputs in C:\Users\eren\AppData\Local\Temp\ig-builds\nmdp.fhir.cibmtr-reporting#0.1.12\output (00:00.001 / 02:54.943, 1Gb)
Warning @ Unable to read the git branch: not a git repository (or any of the parent directories): .git
Warning @ Unable to read the git source: not a git repository (or any of the parent directories): .git
Generate Native Outputs                                                                              (00:02.352 / 02:57.295, 1Gb)
Run Template                                                                                         (00:18.667 / 03:15.962, 1Gb)
Generate HTML Outputs                                                                                (00:01.167 / 03:17.130, 1Gb)
Generate Spreadsheets                                                                                (00:22.629 / 03:39.760, 2Gb)
Generate Summaries                                                                                   (00:06.204 / 03:45.965, 2Gb)
Generating Summary Outputs                                                                           (00:00.001 / 03:45.966, 2Gb)
DB Cumulative Time invested: 00:00:00.906
Sending Usage Stats to Server                                                                        (00:28.359 / 04:14.326, 3Gb)
## Memory (MB): Use = 3126, Free = 457, Total = 3584, Max = 20000                                    (00:00.009 / 04:14.335, 3Gb)
Reclaiming memory...                                                                                 (00:00.002 / 04:14.337, 3Gb)
Generating combined package                                                                          (00:00.016 / 04:14.354, 3Gb)
Error generating combined package: C:\Users\eren\AppData\Local\Temp\ig-builds\nmdp.fhir.cibmtr-reporting#0.1.12\output\package.tgz (The system cannot find the file specified) (00:00.012 / 04:14.366, 3Gb)
## Memory (MB): Use = 1253, Free = 2330, Total = 3584, Max = 20000                                   (00:00.571 / 04:14.938, 1Gb)
Run jekyll: jekyll build --destination "C:\Users\eren\AppData\Local\Temp\ig-builds\nmdp.fhir.cibmtr-reporting#0.1.12\output" (in folder C:\Users\eren\AppData\Local\Temp\ig-builds\nmdp.fhir.cibmtr-reporting#0.1.12\temp\pages) (00:00.012 / 04:14.950, 1Gb)
Due to a known issue, Jekyll errors are lost between Java and Ruby in windows systems.               (00:00.003 / 04:14.953, 1Gb)
If the build process hangs at this point, you have to go to a                                        (00:00.010 / 04:14.964, 1Gb)
command prompt, and then run these two commands:                                                     (00:00.004 / 04:14.968, 1Gb)
                                                                                                     (00:00.004 / 04:14.973, 1Gb)
cd C:\Users\eren\AppData\Local\Temp\ig-builds\nmdp.fhir.cibmtr-reporting#0.1.12\temp\pages           (00:00.001 / 04:14.974, 1Gb)
jekyll build --destination "C:\Users\eren\AppData\Local\Temp\ig-builds\nmdp.fhir.cibmtr-reporting#0.1.12\output" (00:00.001 / 04:14.976, 1Gb)
                                                                                                     (00:00.001 / 04:14.977, 1Gb)
and then investigate why Jekyll has failed                                                           (00:00.002 / 04:14.979, 1Gb)
Troubleshooting Note: usual cases for Jekyll to fail are:                                            (00:00.000 / 04:14.980, 1Gb)
* A failure to produce a fragment that is already logged in the output above                         (00:00.000 / 04:14.981, 1Gb)
* A reference to a manually edited file that hasn't been provided                                    (00:00.000 / 04:14.981, 1Gb)
Jekyll: Source: C:/Users/eren/AppData/Local/Temp/ig-builds/nmdp.fhir.cibmtr-reporting#0.1.12/temp/pages (00:10.544 / 04:25.526, 1Gb)
Jekyll: Generating...                                                                                (00:00.001 / 04:25.528, 1Gb)
Jekyll: done in 107.13 seconds.                                                                      (01:47.129 / 06:12.657, 1Gb)
[39m
[0;39m[39mInstalling nmdp.fhir.cibmtr-reporting#0.1.12
[0;39m[39m loaded @ C:\Users\eren\.fhir\packages\nmdp.fhir.cibmtr-reporting#0.1.12
[0;39mChecking Output HTML                                                                                 (00:08.727 / 06:21.385, 2Gb)
Processed C:\Users\eren\AppData\Local\Temp\ig-builds\nmdp.fhir.cibmtr-reporting#0.1.12\output - % reduction = 100 (108335549 ==> 850035)
found 1808 files                                                                                     (00:03.352 / 06:24.738, 1Gb)
........................................
........................................
  ... 1808 html files, 0 pages invalid xhtml (0%)                                                    (00:42.203 / 07:06.941, 3Gb)
  ... 409143 links, 1 broken links (0%)                                                              (00:00.001 / 07:06.942, 3Gb)
Generate fragment-usage-analysis.csv                                                                 (00:00.004 / 07:06.946, 3Gb)
Build final .zip                                                                                     (00:00.014 / 07:06.961, 3Gb)
Final .zip built                                                                                     (00:07.019 / 07:13.981, 2Gb)
Built. Times: loading: 00:02.180, generate: 06:10.693, narrative generation: 00:08.712, realm-rules: 00:00.001, previous-version: 00:01.553, jekyll: 01:57.921, validation: 01:25.463 (#103), template: 00:01.192 (#3) (00:15.729 / 07:29.710, 2Gb)
Generating QA                                                                                        (00:00.001 / 07:29.712, 2Gb)
Internal error in location for message: 'Error @1, 3: Premature ExpressionNode termination at unexpected token ":"', loc = 'C:\Users\eren\AppData\Local\Temp\ig-builds\nmdp.fhir.cibmtr-reporting#0.1.12\output\Access-Credentia', err = 'The <script> containing the javascript '$(document).ready(fu'... is illegal and not allowed on the H'
Internal error in location for message: 'Error @1, 3: Premature ExpressionNode termination at unexpected token ":"', loc = 'C:\Users\eren\AppData\Local\Temp\ig-builds\nmdp.fhir.cibmtr-reporting#0.1.12\output\Access-Credentia', err = 'The <script> containing the javascript 'anchors.options.visi'... is illegal and not allowed on the H'
Internal error in location for message: 'Error @1, 3: Premature ExpressionNode termination at unexpected token ":"', loc = 'C:\Users\eren\AppData\Local\Temp\ig-builds\nmdp.fhir.cibmtr-reporting#0.1.12\output\CodeSystem-cibmt', err = 'The <script> containing the javascript 'try { var currentTab'... is illegal and not allowed on the H'
Validation output in C:\Users\eren\AppData\Local\Temp\ig-builds\nmdp.fhir.cibmtr-reporting#0.1.12\output\qa.html
Errors: 7, Warnings: 267, Info: 362, Broken Links: 1 (00:00.605 / 07:30.318, 2Gb)
Finished @ 8/27/26, 8:48 PM. Max Memory Used = 3Gb. Log file saved in C:\Users\eren\AppData\Local\Temp\fhir-ig-publisher-tmp.log (00:00.029 / 07:30.347, 2Gb)
Prepare Build space in C:\Users\eren\AppData\Local\Temp\ig-builds\nmdp.fhir.cibmtr-reporting#0.1.12-milestone
Build IG at D:\IG\V12_Test\build: final copy suitable for publication (in C:\Users\eren\AppData\Local\Temp\ig-builds\nmdp.fhir.cibmtr-reporting#0.1.12-milestone) (milestone build)
FHIR IG Publisher Version 2.3.3 (Git# 08d4edaaca6e). Built 2026-08-27T00:36:51.914Z (25 hours old)  
Detected Java version: 22.0.1 from C:\Program Files\Java\jdk-22 on Windows 11/amd64 (64bit). 20000MB available
dir = D:\IG\V12_Test, path = C:\Python312\Scripts\;C:\Python312\;C:\Program Files\Common Files\Oracle\Java\javapath;C:\WINDOWS\system32;C:\WINDOWS;C:\WINDOWS\System32\Wbem;C:\WINDOWS\System32\WindowsPowerShell\v1.0\;C:\WINDOWS\System32\OpenSSH\;C:\Program Files\Java\jdk-22\bin;C:\ProgramData\chocolatey\bin;C:\Program Files (x86)\Microsoft SQL Server\Client SDK\ODBC\130\Tools\Binn\;C:\Program Files (x86)\Microsoft SQL Server\130\Tools\Binn\;C:\Program Files (x86)\Microsoft SQL Server\130\DTS\Binn\;C:\Program Files (x86)\Microsoft SQL Server\130\Tools\Binn\ManagementStudio\;C:\Program Files (x86)\Microsoft SQL Server\160\DTS\Binn\;;C:\Program Files\Rancher Desktop\resources\resources\win32\bin\;C:\Program Files\Rancher Desktop\resources\resources\win32\docker-cli-plugins\;C:\Program Files\Rancher Desktop\resources\resources\linux\bin\;C:\Program Files\Rancher Desktop\resources\resources\linux\docker-cli-plugins\;C:\Program Files\Docker\Docker\resources\bin;C:\DEVAPPS\Oracle-SQLDeveloper-18.4.0-376.1900-x64;C:\Program Files\PolicyPak\;C:\PROGRA~1\EGVMAG~1\bin;C:\PROGRA~1\EGVMAG~1\lib;C:\Program Files\nodejs\;C:\Ruby33-x64\bin;C:\Users\eren\AppData\Local\Microsoft\WindowsApps;C:\Users\eren\AppData\Local\Programs\Microsoft VS Code\bin;C:\Users\eren\AppData\Local\Programs\Git\cmd;C:\Users\eren\AppData\Roaming\npm;;C:\Users\eren\AppData\Local\Programs\Ollama
Parameters: -publish http://fhir.nmdp.org/ig/cibmtr-reporting/0.1.12 -no-exit -ig C:\Users\eren\AppData\Local\Temp\ig-builds\nmdp.fhir.cibmtr-reporting#0.1.12-milestone -milestone
Character encoding = UTF-8 / UTF-8                                                                  
Start Clock @ Thursday, August 27, 2026, 8:49:22 PM Central Daylight Time (2026-08-27T20:49:22-05:00)
                                                                                                    
Build FHIR IG from C:\Users\eren\AppData\Local\Temp\ig-builds\nmdp.fhir.cibmtr-reporting#0.1.12-milestone (00:00.007 / 00:00.007, 2Gb)
Build Formal Publication package, intended for http://fhir.nmdp.org/ig/cibmtr-reporting/0.1.12       (00:00.001 / 00:00.008, 2Gb)
No FHIR settings file at C:\Users\eren\.fhir\fhir-settings.json; using defaults (no API keys or npm path) (00:00.003 / 00:00.012, 2Gb)
Package Cache: C:\Users\eren\.fhir\packages                                                          (00:00.001 / 00:00.013, 2Gb)
Run Sushi on C:\Users\eren\AppData\Local\Temp\ig-builds\nmdp.fhir.cibmtr-reporting#0.1.12-milestone  (00:00.003 / 00:00.017, 2Gb)
Sushi: info  Running SUSHI v3.20.1 (implements FHIR Shorthand specification v3.0.0)                  (00:25.782 / 00:25.800, 2Gb)
Sushi: info  Arguments:                                                                              (00:00.001 / 00:25.801, 2Gb)
Sushi: info    --require-latest                                                                      (00:00.001 / 00:25.802, 2Gb)
Sushi: info    --out C:\Users\eren\AppData\Local\Temp\ig-builds\nmdp.fhir.cibmtr-reporting#0.1.12-milestone (00:00.001 / 00:25.803, 2Gb)
Sushi: info    C:\Users\eren\AppData\Local\Temp\ig-builds\nmdp.fhir.cibmtr-reporting#0.1.12-milestone (00:00.001 / 00:25.805, 2Gb)
Sushi: info  Unable to determine the latest version of sushi: spawnSync C:\WINDOWS\system32\cmd.exe ETIMEDOUT (00:05.013 / 00:30.818, 2Gb)
Sushi: info  Attempting fallback to determine version of sushi.                                      (00:00.003 / 00:30.821, 2Gb)
Sushi: info  Using configuration file: C:\Users\eren\AppData\Local\Temp\ig-builds\nmdp.fhir.cibmtr-reporting#0.1.12-milestone\sushi-config.yaml (00:00.314 / 00:31.136, 2Gb)
Sushi: info  Importing FSH text...                                                                   (00:00.085 / 00:31.221, 2Gb)
Sushi: info  Preprocessed 51 documents with 19 aliases.                                              (00:00.216 / 00:31.438, 2Gb)
Sushi: info  Imported 65 definitions and 37 instances.                                               (00:00.052 / 00:31.490, 2Gb)
Sushi: info  Loaded virtual package sushi-r5forR4#1.0.0 with 7 resources                             (00:00.102 / 00:31.592, 2Gb)
Sushi: info  Resolved hl7.fhir.uv.tools.r4#latest to concrete version 1.1.2                          (00:00.524 / 00:32.117, 2Gb)
Sushi: info  Loaded hl7.fhir.uv.tools.r4#1.1.2 with 119 resources                                    (00:00.199 / 00:32.316, 2Gb)
Sushi: info  Resolved hl7.terminology.r4#latest to concrete version 7.3.0                            (00:00.131 / 00:32.448, 2Gb)
Sushi: info  Loaded hl7.terminology.r4#7.3.0 with 4176 resources                                     (00:05.720 / 00:38.169, 2Gb)
Sushi: info  Loaded hl7.fhir.us.core#9.0.0 with 213 resources                                        (00:00.377 / 00:38.546, 2Gb)
Sushi: info  Loaded hl7.fhir.us.mcode#4.0.0 with 171 resources                                       (00:00.281 / 00:38.827, 2Gb)
Sushi: info  Loaded hl7.fhir.uv.genomics-reporting#2.0.0 with 50 resources                           (00:00.147 / 00:38.975, 2Gb)
Sushi: info  Loaded hl7.fhir.r4.core#4.0.1 with 4581 resources                                       (00:05.978 / 00:44.954, 2Gb)
Sushi: info  Resolved hl7.fhir.uv.extensions.r4#latest to concrete version 5.3.0                     (00:00.140 / 00:45.094, 2Gb)
Sushi: info  Loaded hl7.fhir.uv.extensions.r4#5.3.0 with 885 resources                               (00:01.190 / 00:46.284, 2Gb)
Sushi: info  Loaded virtual package sushi-local#LOCAL with 0 resources                               (00:00.009 / 00:46.294, 2Gb)
Sushi: info  Converting FSH to FHIR resources...                                                     (00:00.021 / 00:46.315, 2Gb)
Sushi: info  Converted 18 FHIR StructureDefinitions.                                                 (00:00.862 / 00:47.177, 2Gb)
Sushi: info  Converted 1 FHIR CodeSystems.                                                           (00:00.013 / 00:47.191, 2Gb)
Sushi: info  Converted 46 FHIR ValueSets.                                                            (00:00.495 / 00:47.687, 2Gb)
Sushi: info  Converted 37 FHIR instances.                                                            (00:02.946 / 00:50.633, 2Gb)
Sushi: info  Exporting FHIR resources as JSON...                                                     (00:00.000 / 00:50.634, 2Gb)
Sushi: info  Exported 102 FHIR resources as JSON.                                                    (00:00.159 / 00:50.794, 2Gb)
Sushi: info  Assembling Implementation Guide sources...                                              (00:00.005 / 00:50.799, 2Gb)
Sushi: info  Generated ImplementationGuide-nmdp.fhir.cibmtr-reporting.json                           (00:00.060 / 00:50.860, 2Gb)
Sushi: info  Assembled Implementation Guide sources; ready for IG Publisher.                         (00:00.000 / 00:50.861, 2Gb)
Sushi: ========================= SUSHI RESULTS ===========================                           (00:00.001 / 00:50.863, 2Gb)
Sushi: |  -------------------------------------------------------------  |                           (00:00.001 / 00:50.864, 2Gb)
Sushi: | |    Profiles   |  Extensions  |   Logicals   |   Resources   | |                           (00:00.000 / 00:50.865, 2Gb)
Sushi: | |-------------------------------------------------------------| |                           (00:00.000 / 00:50.866, 2Gb)
Sushi: | |      17       |      1       |      0       |       0       | |                           (00:00.001 / 00:50.867, 2Gb)
Sushi: |  -------------------------------------------------------------  |                           (00:00.000 / 00:50.868, 2Gb)
Sushi: |  -------------------------------------------------------------  |                           (00:00.002 / 00:50.870, 2Gb)
Sushi: | |      ValueSets     |    CodeSystems    |     Instances      | |                           (00:00.004 / 00:50.874, 2Gb)
Sushi: | |-------------------------------------------------------------| |                           (00:00.003 / 00:50.878, 2Gb)
Sushi: | |         46         |         1         |         37         | |                           (00:00.005 / 00:50.884, 2Gb)
Sushi: |  -------------------------------------------------------------  |                           (00:00.003 / 00:50.888, 2Gb)
Sushi: |                                                                 |                           (00:00.003 / 00:50.891, 2Gb)
Sushi: ===================================================================                           (00:00.000 / 00:50.892, 2Gb)
Sushi: | You're catching on now!                0 Errors      0 Warnings |                           (00:00.002 / 00:50.894, 2Gb)
Sushi: ===================================================================                           (00:00.005 / 00:50.900, 2Gb)
Root directory: C:\Users\eren\AppData\Local\Temp\ig-builds\nmdp.fhir.cibmtr-reporting#0.1.12-milestone (00:00.060 / 00:50.960, 2Gb)
Unable to load IG as an r5 IG - try R4 (property code is a class com.google.gson.JsonPrimitive looking for an object) (00:00.006 / 00:50.966, 2Gb)
Load Template from #cibmtr-template                                                                  (00:00.164 / 00:51.130, 2Gb)
 Load Template from fhir.base.template#current                                                       (00:00.009 / 00:51.140, 2Gb)
[33mThis content depends on fhir.base.template which is no longer considered secure to use
[0;39m[33mSee Security notification at https://www.fhir.org/guides/security-notices/2026-03-npm-dependencies.html
[0;39mScanning directory: C:\Users\eren\AppData\Local\Temp\ig-builds\nmdp.fhir.cibmtr-reporting#0.1.12-milestone\template
======================================================================
Terminology Cache is at C:\Users\eren\AppData\Local\Temp\ig-builds\nmdp.fhir.cibmtr-reporting#0.1.12-milestone\input-cache\txcache. 30 files in cache (00:08.059 / 00:59.200, 1Gb)
Core Package hl7.fhir.r4.core#4.0.1                                                                  (00:00.001 / 00:59.202, 1Gb)
Running Terminology Log: C:\Users\eren\AppData\Local\Temp\ohfu-fhir-ig-15956372328081884490.html
Connect to Terminology Server at https://tx.fhir.org                                                 (00:04.146 / 01:03.349, 3Gb)
[39mLoad Package hl7.fhir.pubpack#0.2.5
[0;39m[39mLoad Package hl7.fhir.xver-extensions#0.1.0
[0;39m[39mLoad Package hl7.terminology.r4#7.3.0
[0;39m[39mLoad Package hl7.fhir.uv.extensions.r4#5.3.0
[0;39m[39mLoad Package hl7.fhir.uv.extensions.r4#5.2.0
[0;39m[39mLoad Package hl7.terminology.r4#7.1.0
[0;39m[39mLoad Package hl7.fhir.uv.extensions.r4#5.1.0-snapshot1
[0;39m[39mLoad Package hl7.fhir.uv.extensions.r4#1.0.0
[0;39m[39mLoad Package hl7.terminology#5.5.0
[0;39m[39mLoad Package hl7.fhir.uv.smart-app-launch#2.2.0
[0;39m[39mLoad Package hl7.fhir.uv.xver-r5.r4#0.1.0
[0;39m[39mLoad Package hl7.fhir.uv.tools.r4#1.1.2
[0;39mIgnore Dependency on Core FHIR hl7.fhir.r4.examples#4.0.1, from package 'hl7.fhir.uv.sdc#4.0.0'      (00:11.264 / 01:14.613, 3Gb)
[39mLoad Package hl7.terminology.r4#6.5.0
[0;39m[39mLoad Package hl7.fhir.uv.extensions.r4#5.3.0-ballot-tc1
[0;39m[39mLoad Package hl7.fhir.uv.sdc#4.0.0
[0;39m[39mLoad Package us.cdc.phinvads#0.12.0
[0;39m[39mLoad Package hl7.fhir.us.core#9.0.0
[0;39m[39mLoad Package hl7.terminology.r4#6.2.0
[0;39m[39mLoad Package hl7.fhir.uv.genomics-reporting#2.0.0
[0;39m[39mLoad Package hl7.terminology.r4#5.0.0
[0;39m[39mLoad Package hl7.fhir.uv.bulkdata#2.0.0
[0;39m[39mLoad Package hl7.fhir.uv.smart-app-launch#2.1.0
[0;39m[39mLoad Package us.nlm.vsac#0.11.0
[0;39mIgnore Dependency on Core FHIR hl7.fhir.r4.examples#4.0.1, from package 'hl7.fhir.uv.sdc#3.0.0'      (00:15.776 / 01:30.389, 3Gb)
[39mLoad Package hl7.fhir.uv.sdc#3.0.0
[0;39m[39mLoad Package ihe.formatcode.fhir#1.1.0
[0;39m[39mLoad Package hl7.fhir.us.core#6.1.0
[0;39m[39mLoad Package hl7.fhir.us.mcode#4.0.0
[0;39m[39mLoad Package hl7.fhir.uv.genomics-reporting#2.0.0
[0;39m[39mLoad Package hl7.fhir.uv.tools.r4#1.1.2
[0;39mLoad R5 Specials
Initialization complete                                                                              (00:06.820 / 01:37.209, 1Gb)
Load IG                                                                                              (00:00.001 / 01:37.210, 1Gb)
Load Content                                                                                         (00:00.004 / 01:37.215, 1Gb)
Using en-US as the default narrative language. (no language information in Implementation Guide)     (00:00.060 / 01:37.276, 1Gb)
Process Loaded Resources                                                                             (00:00.817 / 01:38.093, 1Gb)
Generating Snapshots                                                                                 (00:00.370 / 01:38.463, 1Gb)

Signing Certificate: RSA key for Subject: OU=IG Publisher, L=Ann Arbor, CN=hl7.org, O=HL7, ST=Missouri, C=us from: OU=IG Publisher, L=Ann Arbor, CN=hl7.org, O=HL7, ST=Missouri, C=us
Fetch https://fhir.nmdp.org/ig/cibmtr-reporting/package-list.json for version check                  (00:00.794 / 01:39.257, 1Gb)
Checking Language                                                                                    (00:00.187 / 01:39.445, 1Gb)
Load Dependency Info                                                                                 (00:00.003 / 01:39.448, 1Gb)
Load Info                                                                                            (00:00.001 / 01:39.450, 1Gb)
Load Paths                                                                                           (00:00.001 / 01:39.451, 1Gb)
Check R4 / R4B                                                                                       (00:00.002 / 01:39.454, 1Gb)
Assign Comparison Ids                                                                                (00:00.077 / 01:39.531, 1Gb)
Propagating status                                                                                   (00:00.003 / 01:39.534, 1Gb)
Generating Narratives                                                                                (00:00.006 / 01:39.541, 1Gb)
Validating Conformance Resources                                                                     (00:05.444 / 01:44.985, 3Gb)
Check profiles & code systems                                                                        (00:11.095 / 01:56.080, 2Gb)
Check realm rules                                                                                    (00:00.004 / 01:56.085, 2Gb)
Previous Version Comparison                                                                          (00:00.001 / 01:56.086, 2Gb)
Comparing previous version 0.1.11                                                                    (00:00.000 / 01:56.087, 2Gb)
[39mInstalling nmdp.fhir.cibmtr-reporting#0.1.11 to the package cache
[0;39m[39m  Fetching:
[0;39m[33mError fetching https://packages2.fhir.org/packages/nmdp.fhir.cibmtr-reporting: Not Found
[0;39m[33mError fetching https://packages.fhir.org/nmdp.fhir.cibmtr-reporting: Not Found
[0;39morg.hl7.fhir.exceptions.FHIRException: Unable to resolve package id nmdp.fhir.cibmtr-reporting#0.1.11
	at org.hl7.fhir.utilities.npm.FilesystemPackageCacheManager.fetchTheOldWay(FilesystemPackageCacheManager.java:849)
	at org.hl7.fhir.utilities.npm.FilesystemPackageCacheManager.loadFromPackageServer(FilesystemPackageCacheManager.java:344)
	at org.hl7.fhir.utilities.npm.FilesystemPackageCacheManager.loadPackage(FilesystemPackageCacheManager.java:738)
	at org.hl7.fhir.igtools.publisher.comparators.PreviousVersionComparator.startChecks(PreviousVersionComparator.java:204)
	at org.hl7.fhir.igtools.publisher.PublisherProcessor.checkConformanceResources(PublisherProcessor.java:1482)
	at org.hl7.fhir.igtools.publisher.PublisherProcessor.loadConformance2(PublisherProcessor.java:103)
	at org.hl7.fhir.igtools.publisher.Publisher.createIg(Publisher.java:397)
	at org.hl7.fhir.igtools.publisher.Publisher.execute(Publisher.java:226)
	at org.hl7.fhir.igtools.publisher.Publisher.main(Publisher.java:1601)
	at org.hl7.fhir.igtools.web.PublicationProcess.runBuild(PublicationProcess.java:1264)
	at org.hl7.fhir.igtools.web.PublicationProcess.doPublish(PublicationProcess.java:634)
	at org.hl7.fhir.igtools.web.PublicationProcess.publishInner2(PublicationProcess.java:526)
	at org.hl7.fhir.igtools.web.PublicationProcess.publishInner(PublicationProcess.java:297)
	at org.hl7.fhir.igtools.web.PublicationProcess.publish(PublicationProcess.java:152)
	at org.hl7.fhir.igtools.publisher.Publisher.main(Publisher.java:1340)
.. loaded. Process                                                                                   (00:00.768 / 01:56.855, 2Gb)
finish previous version comparison                                                                   (00:00.001 / 01:56.856, 2Gb)
finish ipa version                                                                                   (00:00.666 / 01:57.523, 2Gb)
finish ips version                                                                                   (00:00.002 / 01:57.525, 2Gb)
comparisons done                                                                                     (00:00.002 / 01:57.528, 2Gb)
Checking for Bundles to sign                                                                         (00:00.061 / 01:57.589, 2Gb)
Validating Resources                                                                                 (00:00.011 / 01:57.600, 2Gb)
Processing Provenance Records                                                                        (00:00.790 / 01:58.390, 2Gb)
Generating Outputs in C:\Users\eren\AppData\Local\Temp\ig-builds\nmdp.fhir.cibmtr-reporting#0.1.12-milestone\output (00:00.001 / 01:58.392, 2Gb)
Warning @ Unable to read the git branch: not a git repository (or any of the parent directories): .git
Warning @ Unable to read the git source: not a git repository (or any of the parent directories): .git
Generate Native Outputs                                                                              (00:02.293 / 02:00.686, 2Gb)
Run Template                                                                                         (00:17.576 / 02:18.262, 3Gb)
Generate HTML Outputs                                                                                (00:01.154 / 02:19.416, 3Gb)
Generate Spreadsheets                                                                                (00:19.361 / 02:38.778, 1Gb)
Generate Summaries                                                                                   (00:04.036 / 02:42.815, 1Gb)
Generating Summary Outputs                                                                           (00:00.001 / 02:42.816, 1Gb)
DB Cumulative Time invested: 00:00:00.915
Sending Usage Stats to Server                                                                        (00:27.288 / 03:10.104, 3Gb)
## Memory (MB): Use = 3138, Free = 1501, Total = 4640, Max = 20000                                   (00:00.003 / 03:10.107, 3Gb)
Reclaiming memory...                                                                                 (00:00.002 / 03:10.110, 3Gb)
Generating combined package                                                                          (00:00.028 / 03:10.139, 3Gb)
Error generating combined package: C:\Users\eren\AppData\Local\Temp\ig-builds\nmdp.fhir.cibmtr-reporting#0.1.12-milestone\output\package.tgz (The system cannot find the file specified) (00:00.001 / 03:10.141, 3Gb)
## Memory (MB): Use = 1250, Free = 2973, Total = 4224, Max = 20000                                   (00:00.549 / 03:10.690, 1Gb)
Run jekyll: jekyll build --destination "C:\Users\eren\AppData\Local\Temp\ig-builds\nmdp.fhir.cibmtr-reporting#0.1.12-milestone\output" (in folder C:\Users\eren\AppData\Local\Temp\ig-builds\nmdp.fhir.cibmtr-reporting#0.1.12-milestone\temp\pages) (00:00.007 / 03:10.697, 1Gb)
Due to a known issue, Jekyll errors are lost between Java and Ruby in windows systems.               (00:00.003 / 03:10.701, 1Gb)
If the build process hangs at this point, you have to go to a                                        (00:00.002 / 03:10.704, 1Gb)
command prompt, and then run these two commands:                                                     (00:00.001 / 03:10.705, 1Gb)
                                                                                                     (00:00.001 / 03:10.706, 1Gb)
cd C:\Users\eren\AppData\Local\Temp\ig-builds\nmdp.fhir.cibmtr-reporting#0.1.12-milestone\temp\pages (00:00.001 / 03:10.707, 1Gb)
jekyll build --destination "C:\Users\eren\AppData\Local\Temp\ig-builds\nmdp.fhir.cibmtr-reporting#0.1.12-milestone\output" (00:00.001 / 03:10.709, 1Gb)
                                                                                                     (00:00.002 / 03:10.711, 1Gb)
and then investigate why Jekyll has failed                                                           (00:00.001 / 03:10.713, 1Gb)
Troubleshooting Note: usual cases for Jekyll to fail are:                                            (00:00.004 / 03:10.717, 1Gb)
* A failure to produce a fragment that is already logged in the output above                         (00:00.001 / 03:10.718, 1Gb)
* A reference to a manually edited file that hasn't been provided                                    (00:00.000 / 03:10.719, 1Gb)
Jekyll: Source: C:/Users/eren/AppData/Local/Temp/ig-builds/nmdp.fhir.cibmtr-reporting#0.1.12-milestone/temp/pages (00:01.581 / 03:12.301, 1Gb)
Jekyll: Generating...                                                                                (00:00.001 / 03:12.302, 1Gb)
Jekyll: done in 96.813 seconds.                                                                      (01:36.811 / 04:49.114, 1Gb)
[39m
[0;39m[39mInstalling nmdp.fhir.cibmtr-reporting#0.1.12
[0;39m[39m loaded @ C:\Users\eren\.fhir\packages\nmdp.fhir.cibmtr-reporting#0.1.12
[0;39mChecking Output HTML                                                                                 (00:08.029 / 04:57.144, 2Gb)
Processed C:\Users\eren\AppData\Local\Temp\ig-builds\nmdp.fhir.cibmtr-reporting#0.1.12-milestone\output - % reduction = 100 (108335799 ==> 850035)
found 1808 files                                                                                     (00:03.278 / 05:00.422, 2Gb)
........................................
........................................
  ... 1808 html files, 0 pages invalid xhtml (0%)                                                    (00:40.148 / 05:40.571, 1Gb)
  ... 409143 links, 1 broken links (0%)                                                              (00:00.027 / 05:40.601, 1Gb)
Generate fragment-usage-analysis.csv                                                                 (00:00.004 / 05:40.602, 1Gb)
Build final .zip                                                                                     (00:00.209 / 05:40.820, 1Gb)
Final .zip built                                                                                     (00:06.794 / 05:47.608, 2Gb)
Built. Times: loading: 00:02.230, generate: 04:21.557, narrative generation: 00:05.441, realm-rules: 00:00.001, previous-version: 00:01.442, jekyll: 01:38.939, validation: 00:11.847 (#103), template: 00:01.168 (#3) (00:13.396 / 06:01.003, 2Gb)
Generating QA                                                                                        (00:00.002 / 06:01.006, 2Gb)
Internal error in location for message: 'Error @1, 3: Premature ExpressionNode termination at unexpected token ":"', loc = 'C:\Users\eren\AppData\Local\Temp\ig-builds\nmdp.fhir.cibmtr-reporting#0.1.12-milestone\output\Access', err = 'The <script> containing the javascript '$(document).ready(fu'... is illegal and not allowed on the H'
Internal error in location for message: 'Error @1, 3: Premature ExpressionNode termination at unexpected token ":"', loc = 'C:\Users\eren\AppData\Local\Temp\ig-builds\nmdp.fhir.cibmtr-reporting#0.1.12-milestone\output\Access', err = 'The <script> containing the javascript 'anchors.options.visi'... is illegal and not allowed on the H'
Internal error in location for message: 'Error @1, 3: Premature ExpressionNode termination at unexpected token ":"', loc = 'C:\Users\eren\AppData\Local\Temp\ig-builds\nmdp.fhir.cibmtr-reporting#0.1.12-milestone\output\CodeSy', err = 'The <script> containing the javascript 'try { var currentTab'... is illegal and not allowed on the H'
Validation output in C:\Users\eren\AppData\Local\Temp\ig-builds\nmdp.fhir.cibmtr-reporting#0.1.12-milestone\output\qa.html
Errors: 7, Warnings: 267, Info: 362, Broken Links: 1 (00:00.509 / 06:01.515, 2Gb)
Finished @ 8/27/26, 8:55 PM. Max Memory Used = 3Gb. Log file saved in C:\Users\eren\AppData\Local\Temp\fhir-ig-publisher-tmp.log (00:00.038 / 06:01.554, 2Gb)
Keep a copy of the build directory at C:\Users\eren\AppData\Local\Temp\web-root\run-20260827\ig-build-zips\nmdp.fhir.cibmtr-reporting#0.1.12.zip

ok. All checks passed. Publish v0.1.12 to C:\Users\eren\AppData\Local\Temp\web-root\run-20260827\cibmtr-reporting\0.1.12
Copy the IG to C:\Users\eren\AppData\Local\Temp\web-root\run-20260827\cibmtr-reporting\0.1.12
Update C:\Users\eren\AppData\Local\Temp\web-root\run-20260827\cibmtr-reporting\package-list.json
Publish Box Statement: This page is part of the CIBMTR Reporting Implementation Guide (v0.1.12: Release) based on <a data-no-external="true" href="http://hl7.org/fhir/R4">FHIR (HL7® FHIR® Standard) R4</a>. This is the current published version in its permanent home (it will always be available at this URL).  For a full list of available versions, see the <a data-no-external="true" href="http://fhir.nmdp.org/ig/cibmtr-reporting/history.html">Directory of published versions</a>
  .. 646 files checked, 646 updated
  .. 211 clones checked, 422 updated
  .. 103 redirections (103 created/updated)
This is a milestone release - publish v0.1.12 to C:\Users\eren\AppData\Local\Temp\web-root\run-20260827\cibmtr-reporting
Update publish box for version 0.1.11 @ http://fhir.nmdp.org/ig/cibmtr-reporting/0.1.11
Publish Box Statement: This page is part of the CIBMTR Reporting Implementation Guide (v0.1.11: Release) based on <a data-no-external="true" href="http://hl7.org/fhir/R4">FHIR (HL7® FHIR® Standard) R4</a>. The current version which supersedes this version is <a data-no-external="true" href="http://fhir.nmdp.org/ig/cibmtr-reporting{{fn}}">0.1.12</a>.  For a full list of available versions, see the <a data-no-external="true" href="http://fhir.nmdp.org/ig/cibmtr-reporting/history.html">Directory of published versions</a>
no html insert in C:\Users\eren\AppData\Local\Temp\web-root\run-20260827\cibmtr-reporting\0.1.11\Access-Credentials.html
no html insert in C:\Users\eren\AppData\Local\Temp\web-root\run-20260827\cibmtr-reporting\0.1.11\Appendices.html
no html insert in C:\Users\eren\AppData\Local\Temp\web-root\run-20260827\cibmtr-reporting\0.1.11\artifacts.html
no html insert in C:\Users\eren\AppData\Local\Temp\web-root\run-20260827\cibmtr-reporting\0.1.11\Connection-Guide-R4.html
no html insert in C:\Users\eren\AppData\Local\Temp\web-root\run-20260827\cibmtr-reporting\0.1.11\Direct-FHIR-STU3.html
no html insert in C:\Users\eren\AppData\Local\Temp\web-root\run-20260827\cibmtr-reporting\0.1.11\Patient.html
no html insert in C:\Users\eren\AppData\Local\Temp\web-root\run-20260827\cibmtr-reporting\0.1.11\StructureDefinition-cibmtr-additional-peri-transplant-medication.html
no html insert in C:\Users\eren\AppData\Local\Temp\web-root\run-20260827\cibmtr-reporting\0.1.11\StructureDefinition-cibmtr-additional-peri-transplant-medication.profile.json.html
no html insert in C:\Users\eren\AppData\Local\Temp\web-root\run-20260827\cibmtr-reporting\0.1.11\StructureDefinition-cibmtr-additional-peri-transplant-medication.profile.xml.html
no html insert in C:\Users\eren\AppData\Local\Temp\web-root\run-20260827\cibmtr-reporting\0.1.11\StructureDefinition-cibmtr-ancestry.profile.json.html
no html insert in C:\Users\eren\AppData\Local\Temp\web-root\run-20260827\cibmtr-reporting\0.1.11\StructureDefinition-cibmtr-ancestry.profile.ttl.html
no html insert in C:\Users\eren\AppData\Local\Temp\web-root\run-20260827\cibmtr-reporting\0.1.11\StructureDefinition-cibmtr-cytogenetics-mappings.html
no html insert in C:\Users\eren\AppData\Local\Temp\web-root\run-20260827\cibmtr-reporting\0.1.11\StructureDefinition-cibmtr-gvhd-prophylaxis-medication-definitions.html
no html insert in C:\Users\eren\AppData\Local\Temp\web-root\run-20260827\cibmtr-reporting\0.1.11\StructureDefinition-cibmtr-gvhd-prophylaxis-medication-mappings.html
no html insert in C:\Users\eren\AppData\Local\Temp\web-root\run-20260827\cibmtr-reporting\0.1.11\StructureDefinition-cibmtr-gvhd-prophylaxis-medication.html
no html insert in C:\Users\eren\AppData\Local\Temp\web-root\run-20260827\cibmtr-reporting\0.1.11\StructureDefinition-cibmtr-gvhd-prophylaxis-medication.profile.json.html
no html insert in C:\Users\eren\AppData\Local\Temp\web-root\run-20260827\cibmtr-reporting\0.1.11\StructureDefinition-cibmtr-medication-administration-definitions.html
no html insert in C:\Users\eren\AppData\Local\Temp\web-root\run-20260827\cibmtr-reporting\0.1.11\StructureDefinition-cibmtr-medication-administration-mappings.html
no html insert in C:\Users\eren\AppData\Local\Temp\web-root\run-20260827\cibmtr-reporting\0.1.11\StructureDefinition-cibmtr-medication-administration.html
no html insert in C:\Users\eren\AppData\Local\Temp\web-root\run-20260827\cibmtr-reporting\0.1.11\StructureDefinition-cibmtr-medication-administration.profile.json.html
no html insert in C:\Users\eren\AppData\Local\Temp\web-root\run-20260827\cibmtr-reporting\0.1.11\StructureDefinition-cibmtr-medication-mappings.html
no html insert in C:\Users\eren\AppData\Local\Temp\web-root\run-20260827\cibmtr-reporting\0.1.11\StructureDefinition-cibmtr-medication-request-mappings.html
no html insert in C:\Users\eren\AppData\Local\Temp\web-root\run-20260827\cibmtr-reporting\0.1.11\StructureDefinition-cibmtr-medication.profile.json.html
no html insert in C:\Users\eren\AppData\Local\Temp\web-root\run-20260827\cibmtr-reporting\0.1.11\StructureDefinition-cibmtr-medication.profile.ttl.html
no html insert in C:\Users\eren\AppData\Local\Temp\web-root\run-20260827\cibmtr-reporting\0.1.11\StructureDefinition-cibmtr-medication.profile.xml.html
no html insert in C:\Users\eren\AppData\Local\Temp\web-root\run-20260827\cibmtr-reporting\0.1.11\StructureDefinition-cibmtr-medications-definitions.html
no html insert in C:\Users\eren\AppData\Local\Temp\web-root\run-20260827\cibmtr-reporting\0.1.11\StructureDefinition-cibmtr-medications.profile.json.html
no html insert in C:\Users\eren\AppData\Local\Temp\web-root\run-20260827\cibmtr-reporting\0.1.11\StructureDefinition-cibmtr-mobilizing-agent-medication-definitions.html
no html insert in C:\Users\eren\AppData\Local\Temp\web-root\run-20260827\cibmtr-reporting\0.1.11\StructureDefinition-cibmtr-mobilizing-agent-medication-mappings.html
no html insert in C:\Users\eren\AppData\Local\Temp\web-root\run-20260827\cibmtr-reporting\0.1.11\StructureDefinition-cibmtr-mobilizing-agent-medication.profile.json.html
no html insert in C:\Users\eren\AppData\Local\Temp\web-root\run-20260827\cibmtr-reporting\0.1.11\StructureDefinition-cibmtr-mobilizing-agent-medication.profile.ttl.html
no html insert in C:\Users\eren\AppData\Local\Temp\web-root\run-20260827\cibmtr-reporting\0.1.11\StructureDefinition-cibmtr-mobilizing-agent-medication.profile.xml.html
no html insert in C:\Users\eren\AppData\Local\Temp\web-root\run-20260827\cibmtr-reporting\0.1.11\StructureDefinition-cibmtr-obs-priority-variables-definitions.html
no html insert in C:\Users\eren\AppData\Local\Temp\web-root\run-20260827\cibmtr-reporting\0.1.11\StructureDefinition-cibmtr-obs-priority-variables-mappings.html
no html insert in C:\Users\eren\AppData\Local\Temp\web-root\run-20260827\cibmtr-reporting\0.1.11\StructureDefinition-cibmtr-obs-priority-variables.profile.json.html
no html insert in C:\Users\eren\AppData\Local\Temp\web-root\run-20260827\cibmtr-reporting\0.1.11\StructureDefinition-cibmtr-observation-lab-definitions.html
no html insert in C:\Users\eren\AppData\Local\Temp\web-root\run-20260827\cibmtr-reporting\0.1.11\StructureDefinition-cibmtr-observation-lab.html
no html insert in C:\Users\eren\AppData\Local\Temp\web-root\run-20260827\cibmtr-reporting\0.1.11\StructureDefinition-cibmtr-observation-lab.profile.json.html
no html insert in C:\Users\eren\AppData\Local\Temp\web-root\run-20260827\cibmtr-reporting\0.1.11\StructureDefinition-cibmtr-observation-lab.profile.ttl.html
no html insert in C:\Users\eren\AppData\Local\Temp\web-root\run-20260827\cibmtr-reporting\0.1.11\StructureDefinition-cibmtr-patient-mappings.html
no html insert in C:\Users\eren\AppData\Local\Temp\web-root\run-20260827\cibmtr-reporting\0.1.11\StructureDefinition-cibmtr-patient.html
no html insert in C:\Users\eren\AppData\Local\Temp\web-root\run-20260827\cibmtr-reporting\0.1.11\StructureDefinition-cibmtr-patient.profile.ttl.html
no html insert in C:\Users\eren\AppData\Local\Temp\web-root\run-20260827\cibmtr-reporting\0.1.11\StructureDefinition-cibmtr-patient.profile.xml.html
no html insert in C:\Users\eren\AppData\Local\Temp\web-root\run-20260827\cibmtr-reporting\0.1.11\StructureDefinition-cibmtr-post-hct-disease-therapy-planned-medication-definitions.html
no html insert in C:\Users\eren\AppData\Local\Temp\web-root\run-20260827\cibmtr-reporting\0.1.11\StructureDefinition-cibmtr-post-hct-disease-therapy-planned-medication-mappings.html
no html insert in C:\Users\eren\AppData\Local\Temp\web-root\run-20260827\cibmtr-reporting\0.1.11\StructureDefinition-cibmtr-post-hct-disease-therapy-planned-medication.html
no html insert in C:\Users\eren\AppData\Local\Temp\web-root\run-20260827\cibmtr-reporting\0.1.11\StructureDefinition-cibmtr-post-hct-disease-therapy-planned-medication.profile.json.html
no html insert in C:\Users\eren\AppData\Local\Temp\web-root\run-20260827\cibmtr-reporting\0.1.11\StructureDefinition-cibmtr-post-hct-disease-therapy-planned-medication.profile.ttl.html
no html insert in C:\Users\eren\AppData\Local\Temp\web-root\run-20260827\cibmtr-reporting\0.1.11\StructureDefinition-cibmtr-post-hct-disease-therapy-planned-medication.profile.xml.html
no html insert in C:\Users\eren\AppData\Local\Temp\web-root\run-20260827\cibmtr-reporting\0.1.11\StructureDefinition-cibmtr-prep-regimen-medication-mappings.html
no html insert in C:\Users\eren\AppData\Local\Temp\web-root\run-20260827\cibmtr-reporting\0.1.11\StructureDefinition-cibmtr-prep-regimen-medication.html
no html insert in C:\Users\eren\AppData\Local\Temp\web-root\run-20260827\cibmtr-reporting\0.1.11\StructureDefinition-cibmtr-prep-regimen-medication.profile.json.html
no html insert in C:\Users\eren\AppData\Local\Temp\web-root\run-20260827\cibmtr-reporting\0.1.11\StructureDefinition-cibmtr-prep-regimen-medication.profile.ttl.html
no html insert in C:\Users\eren\AppData\Local\Temp\web-root\run-20260827\cibmtr-reporting\0.1.11\StructureDefinition-cibmtr-prep-regimen-medication.profile.xml.html
no html insert in C:\Users\eren\AppData\Local\Temp\web-root\run-20260827\cibmtr-reporting\0.1.11\StructureDefinition-cibmtr-prior-exposure-medication.profile.json.html
no html insert in C:\Users\eren\AppData\Local\Temp\web-root\run-20260827\cibmtr-reporting\0.1.11\StructureDefinition-cibmtr-prior-exposure-medication.profile.ttl.html
no html insert in C:\Users\eren\AppData\Local\Temp\web-root\run-20260827\cibmtr-reporting\0.1.11\StructureDefinition-cibmtr-prior-exposure-medication.profile.xml.html
no html insert in C:\Users\eren\AppData\Local\Temp\web-root\run-20260827\cibmtr-reporting\0.1.11\StructureDefinition-cibmtr-vital-signs-definitions.html
no html insert in C:\Users\eren\AppData\Local\Temp\web-root\run-20260827\cibmtr-reporting\0.1.11\StructureDefinition-cibmtr-vital-signs-height.html
no html insert in C:\Users\eren\AppData\Local\Temp\web-root\run-20260827\cibmtr-reporting\0.1.11\StructureDefinition-cibmtr-vital-signs-height.profile.json.html
no html insert in C:\Users\eren\AppData\Local\Temp\web-root\run-20260827\cibmtr-reporting\0.1.11\StructureDefinition-cibmtr-vital-signs-mappings.html
no html insert in C:\Users\eren\AppData\Local\Temp\web-root\run-20260827\cibmtr-reporting\0.1.11\StructureDefinition-cibmtr-vital-signs-weight-definitions.html
no html insert in C:\Users\eren\AppData\Local\Temp\web-root\run-20260827\cibmtr-reporting\0.1.11\StructureDefinition-cibmtr-vital-signs-weight-mappings.html
no html insert in C:\Users\eren\AppData\Local\Temp\web-root\run-20260827\cibmtr-reporting\0.1.11\StructureDefinition-cibmtr-vital-signs-weight.html
no html insert in C:\Users\eren\AppData\Local\Temp\web-root\run-20260827\cibmtr-reporting\0.1.11\StructureDefinition-cibmtr-vital-signs-weight.profile.xml.html
no html insert in C:\Users\eren\AppData\Local\Temp\web-root\run-20260827\cibmtr-reporting\0.1.11\StructureDefinition-cibmtr-vital-signs.profile.json.html
no html insert in C:\Users\eren\AppData\Local\Temp\web-root\run-20260827\cibmtr-reporting\0.1.11\StructureDefinition-cibmtr-vital-signs.profile.ttl.html
no html insert in C:\Users\eren\AppData\Local\Temp\web-root\run-20260827\cibmtr-reporting\0.1.11\toc.html
no html insert in C:\Users\eren\AppData\Local\Temp\web-root\run-20260827\cibmtr-reporting\0.1.11\ValueSet-auto-differential-blood-vs.html
no html insert in C:\Users\eren\AppData\Local\Temp\web-root\run-20260827\cibmtr-reporting\0.1.11\ValueSet-auto-differential-blood-vs.ttl.html
no html insert in C:\Users\eren\AppData\Local\Temp\web-root\run-20260827\cibmtr-reporting\0.1.11\ValueSet-auto-differential-blood-vs.xml.html
no html insert in C:\Users\eren\AppData\Local\Temp\web-root\run-20260827\cibmtr-reporting\0.1.11\ValueSet-cbc-w-auto-differential-blood-vs.html
no html insert in C:\Users\eren\AppData\Local\Temp\web-root\run-20260827\cibmtr-reporting\0.1.11\ValueSet-cibmtr-priority-variables-2021.json.html
no html insert in C:\Users\eren\AppData\Local\Temp\web-root\run-20260827\cibmtr-reporting\0.1.11\ValueSet-cibmtr-priority-variables-2021.ttl.html
no html insert in C:\Users\eren\AppData\Local\Temp\web-root\run-20260827\cibmtr-reporting\0.1.11\ValueSet-cibmtr-priority-variables-2022.xml.html
no html insert in C:\Users\eren\AppData\Local\Temp\web-root\run-20260827\cibmtr-reporting\0.1.11\ValueSet-cibmtr-priority-variables-epic-2021.html
no html insert in C:\Users\eren\AppData\Local\Temp\web-root\run-20260827\cibmtr-reporting\0.1.11\ValueSet-cibmtr-priority-variables-epic-2021.ttl.html
no html insert in C:\Users\eren\AppData\Local\Temp\web-root\run-20260827\cibmtr-reporting\0.1.11\ValueSet-differential-unspecified-blood-vs.html
no html insert in C:\Users\eren\AppData\Local\Temp\web-root\run-20260827\cibmtr-reporting\0.1.11\ValueSet-differential-unspecified-blood-vs.json.html
no html insert in C:\Users\eren\AppData\Local\Temp\web-root\run-20260827\cibmtr-reporting\0.1.11\ValueSet-erythrocyte-morphology-blood-vs.ttl.html
no html insert in C:\Users\eren\AppData\Local\Temp\web-root\run-20260827\cibmtr-reporting\0.1.11\ValueSet-erythrocyte-morphology-blood-vs.xml.html
no html insert in C:\Users\eren\AppData\Local\Temp\web-root\run-20260827\cibmtr-reporting\0.1.11\ValueSet-gvhd-sct-codes.html
no html insert in C:\Users\eren\AppData\Local\Temp\web-root\run-20260827\cibmtr-reporting\0.1.11\ValueSet-med-addition-peri-transplant-vs.html
no html insert in C:\Users\eren\AppData\Local\Temp\web-root\run-20260827\cibmtr-reporting\0.1.11\ValueSet-med-addition-peri-transplant-vs.ttl.html
no html insert in C:\Users\eren\AppData\Local\Temp\web-root\run-20260827\cibmtr-reporting\0.1.11\ValueSet-med-addition-peri-transplant-vs.xml.html
no html insert in C:\Users\eren\AppData\Local\Temp\web-root\run-20260827\cibmtr-reporting\0.1.11\ValueSet-med-alemtuzumab-vs.html
no html insert in C:\Users\eren\AppData\Local\Temp\web-root\run-20260827\cibmtr-reporting\0.1.11\ValueSet-med-alemtuzumab-vs.xml.html
no html insert in C:\Users\eren\AppData\Local\Temp\web-root\run-20260827\cibmtr-reporting\0.1.11\ValueSet-med-busulfan-vs.html
no html insert in C:\Users\eren\AppData\Local\Temp\web-root\run-20260827\cibmtr-reporting\0.1.11\ValueSet-med-busulfan-vs.ttl.html
no html insert in C:\Users\eren\AppData\Local\Temp\web-root\run-20260827\cibmtr-reporting\0.1.11\ValueSet-med-busulfan-vs.xml.html
no html insert in C:\Users\eren\AppData\Local\Temp\web-root\run-20260827\cibmtr-reporting\0.1.11\ValueSet-med-carmustine-vs.html
no html insert in C:\Users\eren\AppData\Local\Temp\web-root\run-20260827\cibmtr-reporting\0.1.11\ValueSet-med-carmustine-vs.xml.html
no html insert in C:\Users\eren\AppData\Local\Temp\web-root\run-20260827\cibmtr-reporting\0.1.11\ValueSet-med-cyclophosphamide-vs.json.html
no html insert in C:\Users\eren\AppData\Local\Temp\web-root\run-20260827\cibmtr-reporting\0.1.11\ValueSet-med-etoposide-vs.html
no html insert in C:\Users\eren\AppData\Local\Temp\web-root\run-20260827\cibmtr-reporting\0.1.11\ValueSet-med-etoposide-vs.ttl.html
no html insert in C:\Users\eren\AppData\Local\Temp\web-root\run-20260827\cibmtr-reporting\0.1.11\ValueSet-med-gvhd-prophylaxis-vs.html
no html insert in C:\Users\eren\AppData\Local\Temp\web-root\run-20260827\cibmtr-reporting\0.1.11\ValueSet-med-gvhd-prophylaxis-vs.ttl.html
no html insert in C:\Users\eren\AppData\Local\Temp\web-root\run-20260827\cibmtr-reporting\0.1.11\ValueSet-med-gvhd-prophylaxis-vs.xml.html
no html insert in C:\Users\eren\AppData\Local\Temp\web-root\run-20260827\cibmtr-reporting\0.1.11\ValueSet-med-mobilizing-agents-vs.xml.html
no html insert in C:\Users\eren\AppData\Local\Temp\web-root\run-20260827\cibmtr-reporting\0.1.11\ValueSet-med-post-hct-disease-therapy-planned-vs.ttl.html
no html insert in C:\Users\eren\AppData\Local\Temp\web-root\run-20260827\cibmtr-reporting\0.1.11\ValueSet-med-post-hct-disease-therapy-planned-vs.xml.html
no html insert in C:\Users\eren\AppData\Local\Temp\web-root\run-20260827\cibmtr-reporting\0.1.11\ValueSet-med-prep-regimen-vs.ttl.html
no html insert in C:\Users\eren\AppData\Local\Temp\web-root\run-20260827\cibmtr-reporting\0.1.11\ValueSet-med-prep-regimen-vs.xml.html
no html insert in C:\Users\eren\AppData\Local\Temp\web-root\run-20260827\cibmtr-reporting\0.1.11\ValueSet-med-rituximab-vs.ttl.html
no html insert in C:\Users\eren\AppData\Local\Temp\web-root\run-20260827\cibmtr-reporting\0.1.11\ValueSet-med-thiotepa-vs.html
no html insert in C:\Users\eren\AppData\Local\Temp\web-root\run-20260827\cibmtr-reporting\0.1.11\ValueSet-med-thiotepa-vs.xml.html
no html insert in C:\Users\eren\AppData\Local\Temp\web-root\run-20260827\cibmtr-reporting\0.1.11\ValueSet-med-ursodiol-vs.ttl.html
no html insert in C:\Users\eren\AppData\Local\Temp\web-root\run-20260827\cibmtr-reporting\0.1.11\ValueSet-snomed-myelodysplastic-diseases-vs.html
  .. 538 files checked, 0 updated
  .. 195 clones checked, 58 updated
Update publish box for version 0.1.10 @ http://fhir.nmdp.org/ig/cibmtr-reporting/0.1.10
Publish Box Statement: This page is part of the CIBMTR Reporting Implementation Guide (v0.1.10: Release) based on <a data-no-external="true" href="http://hl7.org/fhir/R4">FHIR (HL7® FHIR® Standard) R4</a>. The current version which supersedes this version is <a data-no-external="true" href="http://fhir.nmdp.org/ig/cibmtr-reporting{{fn}}">0.1.12</a>.  For a full list of available versions, see the <a data-no-external="true" href="http://fhir.nmdp.org/ig/cibmtr-reporting/history.html">Directory of published versions</a>
no html insert in C:\Users\eren\AppData\Local\Temp\web-root\run-20260827\cibmtr-reporting\0.1.10\Appendices.html
no html insert in C:\Users\eren\AppData\Local\Temp\web-root\run-20260827\cibmtr-reporting\0.1.10\artifacts.html
no html insert in C:\Users\eren\AppData\Local\Temp\web-root\run-20260827\cibmtr-reporting\0.1.10\Connection-Guide-R4.html
no html insert in C:\Users\eren\AppData\Local\Temp\web-root\run-20260827\cibmtr-reporting\0.1.10\CRID-Assignment_FHIR.html
no html insert in C:\Users\eren\AppData\Local\Temp\web-root\run-20260827\cibmtr-reporting\0.1.10\Direct-FHIR-STU3.html
no html insert in C:\Users\eren\AppData\Local\Temp\web-root\run-20260827\cibmtr-reporting\0.1.10\Example-Code.html
no html insert in C:\Users\eren\AppData\Local\Temp\web-root\run-20260827\cibmtr-reporting\0.1.10\Medication-Medication-Post-HCT-Disease-Therapy-Example.xml.html
no html insert in C:\Users\eren\AppData\Local\Temp\web-root\run-20260827\cibmtr-reporting\0.1.10\MedicationRequest-MedicationRequest-Etoposide-Example.ttl.html
no html insert in C:\Users\eren\AppData\Local\Temp\web-root\run-20260827\cibmtr-reporting\0.1.10\StructureDefinition-cibmtr-additional-peri-transplant-medication.profile.json.html
no html insert in C:\Users\eren\AppData\Local\Temp\web-root\run-20260827\cibmtr-reporting\0.1.10\StructureDefinition-cibmtr-additional-peri-transplant-medication.profile.xml.html
no html insert in C:\Users\eren\AppData\Local\Temp\web-root\run-20260827\cibmtr-reporting\0.1.10\StructureDefinition-cibmtr-cytogenetics-definitions.html
no html insert in C:\Users\eren\AppData\Local\Temp\web-root\run-20260827\cibmtr-reporting\0.1.10\StructureDefinition-cibmtr-cytogenetics.profile.ttl.html
no html insert in C:\Users\eren\AppData\Local\Temp\web-root\run-20260827\cibmtr-reporting\0.1.10\StructureDefinition-cibmtr-cytogenetics.profile.xml.html
no html insert in C:\Users\eren\AppData\Local\Temp\web-root\run-20260827\cibmtr-reporting\0.1.10\StructureDefinition-cibmtr-gvhd-prophylaxis-medication-definitions.html
no html insert in C:\Users\eren\AppData\Local\Temp\web-root\run-20260827\cibmtr-reporting\0.1.10\StructureDefinition-cibmtr-gvhd-prophylaxis-medication.html
no html insert in C:\Users\eren\AppData\Local\Temp\web-root\run-20260827\cibmtr-reporting\0.1.10\StructureDefinition-cibmtr-gvhd-prophylaxis-medication.profile.json.html
no html insert in C:\Users\eren\AppData\Local\Temp\web-root\run-20260827\cibmtr-reporting\0.1.10\StructureDefinition-cibmtr-gvhd-prophylaxis-medication.profile.ttl.html
no html insert in C:\Users\eren\AppData\Local\Temp\web-root\run-20260827\cibmtr-reporting\0.1.10\StructureDefinition-cibmtr-gvhd-prophylaxis-medication.profile.xml.html
no html insert in C:\Users\eren\AppData\Local\Temp\web-root\run-20260827\cibmtr-reporting\0.1.10\StructureDefinition-cibmtr-medication-administration-definitions.html
no html insert in C:\Users\eren\AppData\Local\Temp\web-root\run-20260827\cibmtr-reporting\0.1.10\StructureDefinition-cibmtr-medication-administration.profile.json.html
no html insert in C:\Users\eren\AppData\Local\Temp\web-root\run-20260827\cibmtr-reporting\0.1.10\StructureDefinition-cibmtr-medication-administration.profile.xml.html
no html insert in C:\Users\eren\AppData\Local\Temp\web-root\run-20260827\cibmtr-reporting\0.1.10\StructureDefinition-cibmtr-medication-definitions.html
no html insert in C:\Users\eren\AppData\Local\Temp\web-root\run-20260827\cibmtr-reporting\0.1.10\StructureDefinition-cibmtr-medication-request-definitions.html
no html insert in C:\Users\eren\AppData\Local\Temp\web-root\run-20260827\cibmtr-reporting\0.1.10\StructureDefinition-cibmtr-medication-request-mappings.html
no html insert in C:\Users\eren\AppData\Local\Temp\web-root\run-20260827\cibmtr-reporting\0.1.10\StructureDefinition-cibmtr-medication-request.profile.json.html
no html insert in C:\Users\eren\AppData\Local\Temp\web-root\run-20260827\cibmtr-reporting\0.1.10\StructureDefinition-cibmtr-medication.html
no html insert in C:\Users\eren\AppData\Local\Temp\web-root\run-20260827\cibmtr-reporting\0.1.10\StructureDefinition-cibmtr-medication.profile.json.html
no html insert in C:\Users\eren\AppData\Local\Temp\web-root\run-20260827\cibmtr-reporting\0.1.10\StructureDefinition-cibmtr-medication.profile.ttl.html
no html insert in C:\Users\eren\AppData\Local\Temp\web-root\run-20260827\cibmtr-reporting\0.1.10\StructureDefinition-cibmtr-medication.profile.xml.html
no html insert in C:\Users\eren\AppData\Local\Temp\web-root\run-20260827\cibmtr-reporting\0.1.10\StructureDefinition-cibmtr-mobilizing-agent-medication-definitions.html
no html insert in C:\Users\eren\AppData\Local\Temp\web-root\run-20260827\cibmtr-reporting\0.1.10\StructureDefinition-cibmtr-mobilizing-agent-medication.html
no html insert in C:\Users\eren\AppData\Local\Temp\web-root\run-20260827\cibmtr-reporting\0.1.10\StructureDefinition-cibmtr-mobilizing-agent-medication.profile.json.html
no html insert in C:\Users\eren\AppData\Local\Temp\web-root\run-20260827\cibmtr-reporting\0.1.10\StructureDefinition-cibmtr-mobilizing-agent-medication.profile.ttl.html
no html insert in C:\Users\eren\AppData\Local\Temp\web-root\run-20260827\cibmtr-reporting\0.1.10\StructureDefinition-cibmtr-mobilizing-agent-medication.profile.xml.html
no html insert in C:\Users\eren\AppData\Local\Temp\web-root\run-20260827\cibmtr-reporting\0.1.10\StructureDefinition-cibmtr-observation-lab-definitions.html
no html insert in C:\Users\eren\AppData\Local\Temp\web-root\run-20260827\cibmtr-reporting\0.1.10\StructureDefinition-cibmtr-observation-lab.profile.json.html
no html insert in C:\Users\eren\AppData\Local\Temp\web-root\run-20260827\cibmtr-reporting\0.1.10\StructureDefinition-cibmtr-observation-lab.profile.ttl.html
no html insert in C:\Users\eren\AppData\Local\Temp\web-root\run-20260827\cibmtr-reporting\0.1.10\StructureDefinition-cibmtr-observation-lab.profile.xml.html
no html insert in C:\Users\eren\AppData\Local\Temp\web-root\run-20260827\cibmtr-reporting\0.1.10\StructureDefinition-cibmtr-patient-definitions.html
no html insert in C:\Users\eren\AppData\Local\Temp\web-root\run-20260827\cibmtr-reporting\0.1.10\StructureDefinition-cibmtr-patient-mappings.html
no html insert in C:\Users\eren\AppData\Local\Temp\web-root\run-20260827\cibmtr-reporting\0.1.10\StructureDefinition-cibmtr-patient.profile.json.html
no html insert in C:\Users\eren\AppData\Local\Temp\web-root\run-20260827\cibmtr-reporting\0.1.10\StructureDefinition-cibmtr-post-hct-disease-therapy-planned-medication.html
no html insert in C:\Users\eren\AppData\Local\Temp\web-root\run-20260827\cibmtr-reporting\0.1.10\StructureDefinition-cibmtr-post-hct-disease-therapy-planned-medication.profile.json.html
no html insert in C:\Users\eren\AppData\Local\Temp\web-root\run-20260827\cibmtr-reporting\0.1.10\StructureDefinition-cibmtr-post-hct-disease-therapy-planned-medication.profile.xml.html
no html insert in C:\Users\eren\AppData\Local\Temp\web-root\run-20260827\cibmtr-reporting\0.1.10\StructureDefinition-cibmtr-prep-regimen-medication-mappings.html
no html insert in C:\Users\eren\AppData\Local\Temp\web-root\run-20260827\cibmtr-reporting\0.1.10\StructureDefinition-cibmtr-prep-regimen-medication.html
no html insert in C:\Users\eren\AppData\Local\Temp\web-root\run-20260827\cibmtr-reporting\0.1.10\StructureDefinition-cibmtr-prep-regimen-medication.profile.json.html
no html insert in C:\Users\eren\AppData\Local\Temp\web-root\run-20260827\cibmtr-reporting\0.1.10\StructureDefinition-cibmtr-prep-regimen-medication.profile.ttl.html
no html insert in C:\Users\eren\AppData\Local\Temp\web-root\run-20260827\cibmtr-reporting\0.1.10\StructureDefinition-cibmtr-prep-regimen-medication.profile.xml.html
no html insert in C:\Users\eren\AppData\Local\Temp\web-root\run-20260827\cibmtr-reporting\0.1.10\StructureDefinition-cibmtr-prior-exposure-medication-mappings.html
no html insert in C:\Users\eren\AppData\Local\Temp\web-root\run-20260827\cibmtr-reporting\0.1.10\StructureDefinition-cibmtr-prior-exposure-medication.html
no html insert in C:\Users\eren\AppData\Local\Temp\web-root\run-20260827\cibmtr-reporting\0.1.10\StructureDefinition-cibmtr-prior-exposure-medication.profile.json.html
no html insert in C:\Users\eren\AppData\Local\Temp\web-root\run-20260827\cibmtr-reporting\0.1.10\StructureDefinition-cibmtr-prior-exposure-medication.profile.ttl.html
no html insert in C:\Users\eren\AppData\Local\Temp\web-root\run-20260827\cibmtr-reporting\0.1.10\StructureDefinition-cibmtr-vital-signs-height.html
no html insert in C:\Users\eren\AppData\Local\Temp\web-root\run-20260827\cibmtr-reporting\0.1.10\StructureDefinition-cibmtr-vital-signs-height.profile.json.html
no html insert in C:\Users\eren\AppData\Local\Temp\web-root\run-20260827\cibmtr-reporting\0.1.10\StructureDefinition-cibmtr-vital-signs-height.profile.ttl.html
no html insert in C:\Users\eren\AppData\Local\Temp\web-root\run-20260827\cibmtr-reporting\0.1.10\StructureDefinition-cibmtr-vital-signs-height.profile.xml.html
no html insert in C:\Users\eren\AppData\Local\Temp\web-root\run-20260827\cibmtr-reporting\0.1.10\StructureDefinition-cibmtr-vital-signs-weight.profile.json.html
no html insert in C:\Users\eren\AppData\Local\Temp\web-root\run-20260827\cibmtr-reporting\0.1.10\StructureDefinition-cibmtr-vital-signs-weight.profile.ttl.html
no html insert in C:\Users\eren\AppData\Local\Temp\web-root\run-20260827\cibmtr-reporting\0.1.10\StructureDefinition-cibmtr-vital-signs.html
no html insert in C:\Users\eren\AppData\Local\Temp\web-root\run-20260827\cibmtr-reporting\0.1.10\StructureDefinition-cibmtr-vital-signs.profile.json.html
no html insert in C:\Users\eren\AppData\Local\Temp\web-root\run-20260827\cibmtr-reporting\0.1.10\StructureDefinition-cibmtr-vital-signs.profile.ttl.html
no html insert in C:\Users\eren\AppData\Local\Temp\web-root\run-20260827\cibmtr-reporting\0.1.10\ValueSet-auto-differential-blood-vs.html
no html insert in C:\Users\eren\AppData\Local\Temp\web-root\run-20260827\cibmtr-reporting\0.1.10\ValueSet-auto-differential-blood-vs.ttl.html
no html insert in C:\Users\eren\AppData\Local\Temp\web-root\run-20260827\cibmtr-reporting\0.1.10\ValueSet-cibmtr-priority-variables-2021.html
no html insert in C:\Users\eren\AppData\Local\Temp\web-root\run-20260827\cibmtr-reporting\0.1.10\ValueSet-cibmtr-priority-variables-2021.json.html
no html insert in C:\Users\eren\AppData\Local\Temp\web-root\run-20260827\cibmtr-reporting\0.1.10\ValueSet-cibmtr-priority-variables-2022.html
no html insert in C:\Users\eren\AppData\Local\Temp\web-root\run-20260827\cibmtr-reporting\0.1.10\ValueSet-cibmtr-priority-variables-2022.json.html
no html insert in C:\Users\eren\AppData\Local\Temp\web-root\run-20260827\cibmtr-reporting\0.1.10\ValueSet-cibmtr-priority-variables-2022.ttl.html
no html insert in C:\Users\eren\AppData\Local\Temp\web-root\run-20260827\cibmtr-reporting\0.1.10\ValueSet-cibmtr-priority-variables-2022.xml.html
no html insert in C:\Users\eren\AppData\Local\Temp\web-root\run-20260827\cibmtr-reporting\0.1.10\ValueSet-cibmtr-priority-variables-epic-2021.xml.html
no html insert in C:\Users\eren\AppData\Local\Temp\web-root\run-20260827\cibmtr-reporting\0.1.10\ValueSet-differential-unspecified-blood-vs.ttl.html
no html insert in C:\Users\eren\AppData\Local\Temp\web-root\run-20260827\cibmtr-reporting\0.1.10\ValueSet-differential-unspecified-blood-vs.xml.html
no html insert in C:\Users\eren\AppData\Local\Temp\web-root\run-20260827\cibmtr-reporting\0.1.10\ValueSet-erythrocyte-morphology-blood-vs.html
no html insert in C:\Users\eren\AppData\Local\Temp\web-root\run-20260827\cibmtr-reporting\0.1.10\ValueSet-erythrocyte-morphology-blood-vs.ttl.html
no html insert in C:\Users\eren\AppData\Local\Temp\web-root\run-20260827\cibmtr-reporting\0.1.10\ValueSet-erythrocyte-morphology-blood-vs.xml.html
no html insert in C:\Users\eren\AppData\Local\Temp\web-root\run-20260827\cibmtr-reporting\0.1.10\ValueSet-gvhd-all-valueset.html
no html insert in C:\Users\eren\AppData\Local\Temp\web-root\run-20260827\cibmtr-reporting\0.1.10\ValueSet-manual-differential-blood-vs.html
no html insert in C:\Users\eren\AppData\Local\Temp\web-root\run-20260827\cibmtr-reporting\0.1.10\ValueSet-manual-differential-blood-vs.json.html
no html insert in C:\Users\eren\AppData\Local\Temp\web-root\run-20260827\cibmtr-reporting\0.1.10\ValueSet-manual-differential-blood-vs.ttl.html
no html insert in C:\Users\eren\AppData\Local\Temp\web-root\run-20260827\cibmtr-reporting\0.1.10\ValueSet-manual-differential-blood-vs.xml.html
no html insert in C:\Users\eren\AppData\Local\Temp\web-root\run-20260827\cibmtr-reporting\0.1.10\ValueSet-med-addition-peri-transplant-vs.html
no html insert in C:\Users\eren\AppData\Local\Temp\web-root\run-20260827\cibmtr-reporting\0.1.10\ValueSet-med-addition-peri-transplant-vs.json.html
no html insert in C:\Users\eren\AppData\Local\Temp\web-root\run-20260827\cibmtr-reporting\0.1.10\ValueSet-med-addition-peri-transplant-vs.ttl.html
no html insert in C:\Users\eren\AppData\Local\Temp\web-root\run-20260827\cibmtr-reporting\0.1.10\ValueSet-med-addition-peri-transplant-vs.xml.html
no html insert in C:\Users\eren\AppData\Local\Temp\web-root\run-20260827\cibmtr-reporting\0.1.10\ValueSet-med-all-form2400-vs.html
no html insert in C:\Users\eren\AppData\Local\Temp\web-root\run-20260827\cibmtr-reporting\0.1.10\ValueSet-med-anti-thymocyte-globulin-vs.html
no html insert in C:\Users\eren\AppData\Local\Temp\web-root\run-20260827\cibmtr-reporting\0.1.10\ValueSet-med-busulfan-vs.html
no html insert in C:\Users\eren\AppData\Local\Temp\web-root\run-20260827\cibmtr-reporting\0.1.10\ValueSet-med-busulfan-vs.xml.html
no html insert in C:\Users\eren\AppData\Local\Temp\web-root\run-20260827\cibmtr-reporting\0.1.10\ValueSet-med-carmustine-vs.html
no html insert in C:\Users\eren\AppData\Local\Temp\web-root\run-20260827\cibmtr-reporting\0.1.10\ValueSet-med-cyclophosphamide-vs.html
no html insert in C:\Users\eren\AppData\Local\Temp\web-root\run-20260827\cibmtr-reporting\0.1.10\ValueSet-med-cyclophosphamide-vs.ttl.html
no html insert in C:\Users\eren\AppData\Local\Temp\web-root\run-20260827\cibmtr-reporting\0.1.10\ValueSet-med-cyclophosphamide-vs.xml.html
no html insert in C:\Users\eren\AppData\Local\Temp\web-root\run-20260827\cibmtr-reporting\0.1.10\ValueSet-med-cytarabine-vs.html
no html insert in C:\Users\eren\AppData\Local\Temp\web-root\run-20260827\cibmtr-reporting\0.1.10\ValueSet-med-cytarabine-vs.ttl.html
no html insert in C:\Users\eren\AppData\Local\Temp\web-root\run-20260827\cibmtr-reporting\0.1.10\ValueSet-med-cytarabine-vs.xml.html
no html insert in C:\Users\eren\AppData\Local\Temp\web-root\run-20260827\cibmtr-reporting\0.1.10\ValueSet-med-etoposide-vs.html
no html insert in C:\Users\eren\AppData\Local\Temp\web-root\run-20260827\cibmtr-reporting\0.1.10\ValueSet-med-etoposide-vs.ttl.html
no html insert in C:\Users\eren\AppData\Local\Temp\web-root\run-20260827\cibmtr-reporting\0.1.10\ValueSet-med-etoposide-vs.xml.html
no html insert in C:\Users\eren\AppData\Local\Temp\web-root\run-20260827\cibmtr-reporting\0.1.10\ValueSet-med-gvhd-prophylaxis-vs.html
no html insert in C:\Users\eren\AppData\Local\Temp\web-root\run-20260827\cibmtr-reporting\0.1.10\ValueSet-med-gvhd-prophylaxis-vs.xml.html
no html insert in C:\Users\eren\AppData\Local\Temp\web-root\run-20260827\cibmtr-reporting\0.1.10\ValueSet-med-mobilizing-agents-vs.html
no html insert in C:\Users\eren\AppData\Local\Temp\web-root\run-20260827\cibmtr-reporting\0.1.10\ValueSet-med-mobilizing-agents-vs.json.html
no html insert in C:\Users\eren\AppData\Local\Temp\web-root\run-20260827\cibmtr-reporting\0.1.10\ValueSet-med-mobilizing-agents-vs.ttl.html
no html insert in C:\Users\eren\AppData\Local\Temp\web-root\run-20260827\cibmtr-reporting\0.1.10\ValueSet-med-post-hct-disease-therapy-planned-vs.html
no html insert in C:\Users\eren\AppData\Local\Temp\web-root\run-20260827\cibmtr-reporting\0.1.10\ValueSet-med-post-hct-disease-therapy-planned-vs.json.html
no html insert in C:\Users\eren\AppData\Local\Temp\web-root\run-20260827\cibmtr-reporting\0.1.10\ValueSet-med-post-hct-disease-therapy-planned-vs.ttl.html
no html insert in C:\Users\eren\AppData\Local\Temp\web-root\run-20260827\cibmtr-reporting\0.1.10\ValueSet-med-prep-regimen-vs.html
no html insert in C:\Users\eren\AppData\Local\Temp\web-root\run-20260827\cibmtr-reporting\0.1.10\ValueSet-med-prep-regimen-vs.json.html
no html insert in C:\Users\eren\AppData\Local\Temp\web-root\run-20260827\cibmtr-reporting\0.1.10\ValueSet-med-prep-regimen-vs.xml.html
no html insert in C:\Users\eren\AppData\Local\Temp\web-root\run-20260827\cibmtr-reporting\0.1.10\ValueSet-med-prior-exposure-vs.json.html
no html insert in C:\Users\eren\AppData\Local\Temp\web-root\run-20260827\cibmtr-reporting\0.1.10\ValueSet-med-prior-exposure-vs.ttl.html
no html insert in C:\Users\eren\AppData\Local\Temp\web-root\run-20260827\cibmtr-reporting\0.1.10\ValueSet-med-prior-exposure-vs.xml.html
no html insert in C:\Users\eren\AppData\Local\Temp\web-root\run-20260827\cibmtr-reporting\0.1.10\ValueSet-med-rituximab-vs.html
no html insert in C:\Users\eren\AppData\Local\Temp\web-root\run-20260827\cibmtr-reporting\0.1.10\ValueSet-med-rituximab-vs.ttl.html
no html insert in C:\Users\eren\AppData\Local\Temp\web-root\run-20260827\cibmtr-reporting\0.1.10\ValueSet-med-rituximab-vs.xml.html
no html insert in C:\Users\eren\AppData\Local\Temp\web-root\run-20260827\cibmtr-reporting\0.1.10\ValueSet-med-thiotepa-vs.html
no html insert in C:\Users\eren\AppData\Local\Temp\web-root\run-20260827\cibmtr-reporting\0.1.10\ValueSet-med-ursodiol-vs.html
no html insert in C:\Users\eren\AppData\Local\Temp\web-root\run-20260827\cibmtr-reporting\0.1.10\ValueSet-med-ursodiol-vs.ttl.html
no html insert in C:\Users\eren\AppData\Local\Temp\web-root\run-20260827\cibmtr-reporting\0.1.10\ValueSet-med-ursodiol-vs.xml.html
no html insert in C:\Users\eren\AppData\Local\Temp\web-root\run-20260827\cibmtr-reporting\0.1.10\ValueSet-smear-morphology-blood-vs.html
  .. 495 files checked, 0 updated
  .. 190 clones checked, 42 updated
Update publish box for version 0.1.9 @ http://fhir.nmdp.org/ig/cibmtr-reporting/0.1.9
Publish Box Statement: This page is part of the CIBMTR Reporting Implementation Guide (v0.1.9: Release) based on <a data-no-external="true" href="http://hl7.org/fhir/R4">FHIR (HL7® FHIR® Standard) R4</a>. The current version which supersedes this version is <a data-no-external="true" href="http://fhir.nmdp.org/ig/cibmtr-reporting{{fn}}">0.1.12</a>.  For a full list of available versions, see the <a data-no-external="true" href="http://fhir.nmdp.org/ig/cibmtr-reporting/history.html">Directory of published versions</a>
no html insert in C:\Users\eren\AppData\Local\Temp\web-root\run-20260827\cibmtr-reporting\0.1.9\artifacts.html
no html insert in C:\Users\eren\AppData\Local\Temp\web-root\run-20260827\cibmtr-reporting\0.1.9\Connection-Guide-R4.html
no html insert in C:\Users\eren\AppData\Local\Temp\web-root\run-20260827\cibmtr-reporting\0.1.9\Example-Code.html
no html insert in C:\Users\eren\AppData\Local\Temp\web-root\run-20260827\cibmtr-reporting\0.1.9\Patient.html
no html insert in C:\Users\eren\AppData\Local\Temp\web-root\run-20260827\cibmtr-reporting\0.1.9\StructureDefinition-cibmtr-additional-peri-transplant-medication.profile.xml.html
no html insert in C:\Users\eren\AppData\Local\Temp\web-root\run-20260827\cibmtr-reporting\0.1.9\StructureDefinition-cibmtr-ancestry.profile.json.html
no html insert in C:\Users\eren\AppData\Local\Temp\web-root\run-20260827\cibmtr-reporting\0.1.9\StructureDefinition-cibmtr-ancestry.profile.xml.html
no html insert in C:\Users\eren\AppData\Local\Temp\web-root\run-20260827\cibmtr-reporting\0.1.9\StructureDefinition-cibmtr-cytogenetics-definitions.html
no html insert in C:\Users\eren\AppData\Local\Temp\web-root\run-20260827\cibmtr-reporting\0.1.9\StructureDefinition-cibmtr-cytogenetics-mappings.html
no html insert in C:\Users\eren\AppData\Local\Temp\web-root\run-20260827\cibmtr-reporting\0.1.9\StructureDefinition-cibmtr-gvhd-prophylaxis-medication-definitions.html
no html insert in C:\Users\eren\AppData\Local\Temp\web-root\run-20260827\cibmtr-reporting\0.1.9\StructureDefinition-cibmtr-gvhd-prophylaxis-medication-mappings.html
no html insert in C:\Users\eren\AppData\Local\Temp\web-root\run-20260827\cibmtr-reporting\0.1.9\StructureDefinition-cibmtr-gvhd-prophylaxis-medication.html
no html insert in C:\Users\eren\AppData\Local\Temp\web-root\run-20260827\cibmtr-reporting\0.1.9\StructureDefinition-cibmtr-gvhd-prophylaxis-medication.profile.json.html
no html insert in C:\Users\eren\AppData\Local\Temp\web-root\run-20260827\cibmtr-reporting\0.1.9\StructureDefinition-cibmtr-gvhd-prophylaxis-medication.profile.ttl.html
no html insert in C:\Users\eren\AppData\Local\Temp\web-root\run-20260827\cibmtr-reporting\0.1.9\StructureDefinition-cibmtr-gvhd-prophylaxis-medication.profile.xml.html
no html insert in C:\Users\eren\AppData\Local\Temp\web-root\run-20260827\cibmtr-reporting\0.1.9\StructureDefinition-cibmtr-medication-administration-mappings.html
no html insert in C:\Users\eren\AppData\Local\Temp\web-root\run-20260827\cibmtr-reporting\0.1.9\StructureDefinition-cibmtr-medication-administration.html
no html insert in C:\Users\eren\AppData\Local\Temp\web-root\run-20260827\cibmtr-reporting\0.1.9\StructureDefinition-cibmtr-medication-administration.profile.json.html
no html insert in C:\Users\eren\AppData\Local\Temp\web-root\run-20260827\cibmtr-reporting\0.1.9\StructureDefinition-cibmtr-medication-administration.profile.ttl.html
no html insert in C:\Users\eren\AppData\Local\Temp\web-root\run-20260827\cibmtr-reporting\0.1.9\StructureDefinition-cibmtr-medication-definitions.html
no html insert in C:\Users\eren\AppData\Local\Temp\web-root\run-20260827\cibmtr-reporting\0.1.9\StructureDefinition-cibmtr-medication-mappings.html
no html insert in C:\Users\eren\AppData\Local\Temp\web-root\run-20260827\cibmtr-reporting\0.1.9\StructureDefinition-cibmtr-medication-request-definitions.html
no html insert in C:\Users\eren\AppData\Local\Temp\web-root\run-20260827\cibmtr-reporting\0.1.9\StructureDefinition-cibmtr-medication-request-mappings.html
no html insert in C:\Users\eren\AppData\Local\Temp\web-root\run-20260827\cibmtr-reporting\0.1.9\StructureDefinition-cibmtr-medication-request.html
no html insert in C:\Users\eren\AppData\Local\Temp\web-root\run-20260827\cibmtr-reporting\0.1.9\StructureDefinition-cibmtr-medication-request.profile.xml.html
no html insert in C:\Users\eren\AppData\Local\Temp\web-root\run-20260827\cibmtr-reporting\0.1.9\StructureDefinition-cibmtr-medication.html
no html insert in C:\Users\eren\AppData\Local\Temp\web-root\run-20260827\cibmtr-reporting\0.1.9\StructureDefinition-cibmtr-medication.profile.json.html
no html insert in C:\Users\eren\AppData\Local\Temp\web-root\run-20260827\cibmtr-reporting\0.1.9\StructureDefinition-cibmtr-medications.profile.xml.html
no html insert in C:\Users\eren\AppData\Local\Temp\web-root\run-20260827\cibmtr-reporting\0.1.9\StructureDefinition-cibmtr-mobilizing-agent-medication-definitions.html
no html insert in C:\Users\eren\AppData\Local\Temp\web-root\run-20260827\cibmtr-reporting\0.1.9\StructureDefinition-cibmtr-mobilizing-agent-medication-mappings.html
no html insert in C:\Users\eren\AppData\Local\Temp\web-root\run-20260827\cibmtr-reporting\0.1.9\StructureDefinition-cibmtr-mobilizing-agent-medication.profile.json.html
no html insert in C:\Users\eren\AppData\Local\Temp\web-root\run-20260827\cibmtr-reporting\0.1.9\StructureDefinition-cibmtr-mobilizing-agent-medication.profile.ttl.html
no html insert in C:\Users\eren\AppData\Local\Temp\web-root\run-20260827\cibmtr-reporting\0.1.9\StructureDefinition-cibmtr-mobilizing-agent-medication.profile.xml.html
no html insert in C:\Users\eren\AppData\Local\Temp\web-root\run-20260827\cibmtr-reporting\0.1.9\StructureDefinition-cibmtr-obs-priority-variables-definitions.html
no html insert in C:\Users\eren\AppData\Local\Temp\web-root\run-20260827\cibmtr-reporting\0.1.9\StructureDefinition-cibmtr-obs-priority-variables.profile.json.html
no html insert in C:\Users\eren\AppData\Local\Temp\web-root\run-20260827\cibmtr-reporting\0.1.9\StructureDefinition-cibmtr-obs-priority-variables.profile.xml.html
no html insert in C:\Users\eren\AppData\Local\Temp\web-root\run-20260827\cibmtr-reporting\0.1.9\StructureDefinition-cibmtr-observation-lab.profile.json.html
no html insert in C:\Users\eren\AppData\Local\Temp\web-root\run-20260827\cibmtr-reporting\0.1.9\StructureDefinition-cibmtr-observation-lab.profile.ttl.html
no html insert in C:\Users\eren\AppData\Local\Temp\web-root\run-20260827\cibmtr-reporting\0.1.9\StructureDefinition-cibmtr-observation-lab.profile.xml.html
no html insert in C:\Users\eren\AppData\Local\Temp\web-root\run-20260827\cibmtr-reporting\0.1.9\StructureDefinition-cibmtr-patient-definitions.html
no html insert in C:\Users\eren\AppData\Local\Temp\web-root\run-20260827\cibmtr-reporting\0.1.9\StructureDefinition-cibmtr-patient-mappings.html
no html insert in C:\Users\eren\AppData\Local\Temp\web-root\run-20260827\cibmtr-reporting\0.1.9\StructureDefinition-cibmtr-patient.profile.ttl.html
no html insert in C:\Users\eren\AppData\Local\Temp\web-root\run-20260827\cibmtr-reporting\0.1.9\StructureDefinition-cibmtr-patient.profile.xml.html
no html insert in C:\Users\eren\AppData\Local\Temp\web-root\run-20260827\cibmtr-reporting\0.1.9\StructureDefinition-cibmtr-post-hct-disease-therapy-planned-medication-definitions.html
no html insert in C:\Users\eren\AppData\Local\Temp\web-root\run-20260827\cibmtr-reporting\0.1.9\StructureDefinition-cibmtr-post-hct-disease-therapy-planned-medication-mappings.html
no html insert in C:\Users\eren\AppData\Local\Temp\web-root\run-20260827\cibmtr-reporting\0.1.9\StructureDefinition-cibmtr-post-hct-disease-therapy-planned-medication.html
no html insert in C:\Users\eren\AppData\Local\Temp\web-root\run-20260827\cibmtr-reporting\0.1.9\StructureDefinition-cibmtr-post-hct-disease-therapy-planned-medication.profile.json.html
no html insert in C:\Users\eren\AppData\Local\Temp\web-root\run-20260827\cibmtr-reporting\0.1.9\StructureDefinition-cibmtr-post-hct-disease-therapy-planned-medication.profile.xml.html
no html insert in C:\Users\eren\AppData\Local\Temp\web-root\run-20260827\cibmtr-reporting\0.1.9\StructureDefinition-cibmtr-prep-regimen-medication-mappings.html
no html insert in C:\Users\eren\AppData\Local\Temp\web-root\run-20260827\cibmtr-reporting\0.1.9\StructureDefinition-cibmtr-prep-regimen-medication.html
no html insert in C:\Users\eren\AppData\Local\Temp\web-root\run-20260827\cibmtr-reporting\0.1.9\StructureDefinition-cibmtr-prep-regimen-medication.profile.json.html
no html insert in C:\Users\eren\AppData\Local\Temp\web-root\run-20260827\cibmtr-reporting\0.1.9\StructureDefinition-cibmtr-prep-regimen-medication.profile.ttl.html
no html insert in C:\Users\eren\AppData\Local\Temp\web-root\run-20260827\cibmtr-reporting\0.1.9\StructureDefinition-cibmtr-prep-regimen-medication.profile.xml.html
no html insert in C:\Users\eren\AppData\Local\Temp\web-root\run-20260827\cibmtr-reporting\0.1.9\StructureDefinition-cibmtr-prior-exposure-medication-definitions.html
no html insert in C:\Users\eren\AppData\Local\Temp\web-root\run-20260827\cibmtr-reporting\0.1.9\StructureDefinition-cibmtr-prior-exposure-medication-mappings.html
no html insert in C:\Users\eren\AppData\Local\Temp\web-root\run-20260827\cibmtr-reporting\0.1.9\StructureDefinition-cibmtr-prior-exposure-medication.html
no html insert in C:\Users\eren\AppData\Local\Temp\web-root\run-20260827\cibmtr-reporting\0.1.9\StructureDefinition-cibmtr-prior-exposure-medication.profile.ttl.html
no html insert in C:\Users\eren\AppData\Local\Temp\web-root\run-20260827\cibmtr-reporting\0.1.9\StructureDefinition-cibmtr-vital-signs-height-definitions.html
no html insert in C:\Users\eren\AppData\Local\Temp\web-root\run-20260827\cibmtr-reporting\0.1.9\StructureDefinition-cibmtr-vital-signs-height.html
no html insert in C:\Users\eren\AppData\Local\Temp\web-root\run-20260827\cibmtr-reporting\0.1.9\StructureDefinition-cibmtr-vital-signs-height.profile.json.html
no html insert in C:\Users\eren\AppData\Local\Temp\web-root\run-20260827\cibmtr-reporting\0.1.9\StructureDefinition-cibmtr-vital-signs-height.profile.ttl.html
no html insert in C:\Users\eren\AppData\Local\Temp\web-root\run-20260827\cibmtr-reporting\0.1.9\StructureDefinition-cibmtr-vital-signs-height.profile.xml.html
no html insert in C:\Users\eren\AppData\Local\Temp\web-root\run-20260827\cibmtr-reporting\0.1.9\StructureDefinition-cibmtr-vital-signs-weight-definitions.html
no html insert in C:\Users\eren\AppData\Local\Temp\web-root\run-20260827\cibmtr-reporting\0.1.9\StructureDefinition-cibmtr-vital-signs-weight-mappings.html
no html insert in C:\Users\eren\AppData\Local\Temp\web-root\run-20260827\cibmtr-reporting\0.1.9\StructureDefinition-cibmtr-vital-signs-weight.profile.json.html
no html insert in C:\Users\eren\AppData\Local\Temp\web-root\run-20260827\cibmtr-reporting\0.1.9\StructureDefinition-cibmtr-vital-signs-weight.profile.ttl.html
no html insert in C:\Users\eren\AppData\Local\Temp\web-root\run-20260827\cibmtr-reporting\0.1.9\StructureDefinition-cibmtr-vital-signs-weight.profile.xml.html
no html insert in C:\Users\eren\AppData\Local\Temp\web-root\run-20260827\cibmtr-reporting\0.1.9\StructureDefinition-cibmtr-vital-signs.profile.json.html
no html insert in C:\Users\eren\AppData\Local\Temp\web-root\run-20260827\cibmtr-reporting\0.1.9\StructureDefinition-cibmtr-vital-signs.profile.ttl.html
no html insert in C:\Users\eren\AppData\Local\Temp\web-root\run-20260827\cibmtr-reporting\0.1.9\StructureDefinition-cibmtr-vital-signs.profile.xml.html
no html insert in C:\Users\eren\AppData\Local\Temp\web-root\run-20260827\cibmtr-reporting\0.1.9\toc.html
no html insert in C:\Users\eren\AppData\Local\Temp\web-root\run-20260827\cibmtr-reporting\0.1.9\ValueSet-auto-differential-blood-vs.xml.html
no html insert in C:\Users\eren\AppData\Local\Temp\web-root\run-20260827\cibmtr-reporting\0.1.9\ValueSet-cbc-w-differential-unspecified-blood-vs.html
no html insert in C:\Users\eren\AppData\Local\Temp\web-root\run-20260827\cibmtr-reporting\0.1.9\ValueSet-cibmtr-priority-variables-2021.xml.html
no html insert in C:\Users\eren\AppData\Local\Temp\web-root\run-20260827\cibmtr-reporting\0.1.9\ValueSet-cibmtr-priority-variables-2022.html
no html insert in C:\Users\eren\AppData\Local\Temp\web-root\run-20260827\cibmtr-reporting\0.1.9\ValueSet-cibmtr-priority-variables-2022.json.html
no html insert in C:\Users\eren\AppData\Local\Temp\web-root\run-20260827\cibmtr-reporting\0.1.9\ValueSet-cibmtr-priority-variables-2022.ttl.html
no html insert in C:\Users\eren\AppData\Local\Temp\web-root\run-20260827\cibmtr-reporting\0.1.9\ValueSet-cibmtr-priority-variables-2022.xml.html
no html insert in C:\Users\eren\AppData\Local\Temp\web-root\run-20260827\cibmtr-reporting\0.1.9\ValueSet-cibmtr-priority-variables-epic-2021.json.html
no html insert in C:\Users\eren\AppData\Local\Temp\web-root\run-20260827\cibmtr-reporting\0.1.9\ValueSet-cibmtr-priority-variables-epic-2021.ttl.html
no html insert in C:\Users\eren\AppData\Local\Temp\web-root\run-20260827\cibmtr-reporting\0.1.9\ValueSet-differential-unspecified-blood-vs.json.html
no html insert in C:\Users\eren\AppData\Local\Temp\web-root\run-20260827\cibmtr-reporting\0.1.9\ValueSet-differential-unspecified-blood-vs.ttl.html
no html insert in C:\Users\eren\AppData\Local\Temp\web-root\run-20260827\cibmtr-reporting\0.1.9\ValueSet-differential-unspecified-blood-vs.xml.html
no html insert in C:\Users\eren\AppData\Local\Temp\web-root\run-20260827\cibmtr-reporting\0.1.9\ValueSet-erythrocyte-morphology-blood-vs.ttl.html
no html insert in C:\Users\eren\AppData\Local\Temp\web-root\run-20260827\cibmtr-reporting\0.1.9\ValueSet-hematopoietic-disorder-vs.html
no html insert in C:\Users\eren\AppData\Local\Temp\web-root\run-20260827\cibmtr-reporting\0.1.9\ValueSet-manual-differential-blood-vs.json.html
no html insert in C:\Users\eren\AppData\Local\Temp\web-root\run-20260827\cibmtr-reporting\0.1.9\ValueSet-manual-differential-blood-vs.xml.html
no html insert in C:\Users\eren\AppData\Local\Temp\web-root\run-20260827\cibmtr-reporting\0.1.9\ValueSet-med-all-form2400-vs.html
no html insert in C:\Users\eren\AppData\Local\Temp\web-root\run-20260827\cibmtr-reporting\0.1.9\ValueSet-med-busulfan-vs.xml.html
no html insert in C:\Users\eren\AppData\Local\Temp\web-root\run-20260827\cibmtr-reporting\0.1.9\ValueSet-med-cyclophosphamide-vs.json.html
no html insert in C:\Users\eren\AppData\Local\Temp\web-root\run-20260827\cibmtr-reporting\0.1.9\ValueSet-med-cyclophosphamide-vs.ttl.html
no html insert in C:\Users\eren\AppData\Local\Temp\web-root\run-20260827\cibmtr-reporting\0.1.9\ValueSet-med-cytarabine-vs.ttl.html
no html insert in C:\Users\eren\AppData\Local\Temp\web-root\run-20260827\cibmtr-reporting\0.1.9\ValueSet-med-cytarabine-vs.xml.html
no html insert in C:\Users\eren\AppData\Local\Temp\web-root\run-20260827\cibmtr-reporting\0.1.9\ValueSet-med-etoposide-vs.ttl.html
no html insert in C:\Users\eren\AppData\Local\Temp\web-root\run-20260827\cibmtr-reporting\0.1.9\ValueSet-med-gvhd-prophylaxis-vs.html
no html insert in C:\Users\eren\AppData\Local\Temp\web-root\run-20260827\cibmtr-reporting\0.1.9\ValueSet-med-gvhd-prophylaxis-vs.json.html
no html insert in C:\Users\eren\AppData\Local\Temp\web-root\run-20260827\cibmtr-reporting\0.1.9\ValueSet-med-gvhd-prophylaxis-vs.ttl.html
no html insert in C:\Users\eren\AppData\Local\Temp\web-root\run-20260827\cibmtr-reporting\0.1.9\ValueSet-med-mobilizing-agents-vs.html
no html insert in C:\Users\eren\AppData\Local\Temp\web-root\run-20260827\cibmtr-reporting\0.1.9\ValueSet-med-mobilizing-agents-vs.json.html
no html insert in C:\Users\eren\AppData\Local\Temp\web-root\run-20260827\cibmtr-reporting\0.1.9\ValueSet-med-mobilizing-agents-vs.ttl.html
no html insert in C:\Users\eren\AppData\Local\Temp\web-root\run-20260827\cibmtr-reporting\0.1.9\ValueSet-med-mobilizing-agents-vs.xml.html
no html insert in C:\Users\eren\AppData\Local\Temp\web-root\run-20260827\cibmtr-reporting\0.1.9\ValueSet-med-post-hct-disease-therapy-planned-vs.json.html
no html insert in C:\Users\eren\AppData\Local\Temp\web-root\run-20260827\cibmtr-reporting\0.1.9\ValueSet-med-post-hct-disease-therapy-planned-vs.ttl.html
no html insert in C:\Users\eren\AppData\Local\Temp\web-root\run-20260827\cibmtr-reporting\0.1.9\ValueSet-med-post-hct-disease-therapy-planned-vs.xml.html
no html insert in C:\Users\eren\AppData\Local\Temp\web-root\run-20260827\cibmtr-reporting\0.1.9\ValueSet-med-prep-regimen-vs.json.html
no html insert in C:\Users\eren\AppData\Local\Temp\web-root\run-20260827\cibmtr-reporting\0.1.9\ValueSet-med-prep-regimen-vs.ttl.html
no html insert in C:\Users\eren\AppData\Local\Temp\web-root\run-20260827\cibmtr-reporting\0.1.9\ValueSet-med-prior-exposure-vs.html
no html insert in C:\Users\eren\AppData\Local\Temp\web-root\run-20260827\cibmtr-reporting\0.1.9\ValueSet-med-prior-exposure-vs.json.html
no html insert in C:\Users\eren\AppData\Local\Temp\web-root\run-20260827\cibmtr-reporting\0.1.9\ValueSet-med-prior-exposure-vs.xml.html
no html insert in C:\Users\eren\AppData\Local\Temp\web-root\run-20260827\cibmtr-reporting\0.1.9\ValueSet-med-rituximab-vs.ttl.html
no html insert in C:\Users\eren\AppData\Local\Temp\web-root\run-20260827\cibmtr-reporting\0.1.9\ValueSet-med-rituximab-vs.xml.html
no html insert in C:\Users\eren\AppData\Local\Temp\web-root\run-20260827\cibmtr-reporting\0.1.9\ValueSet-med-ursodiol-vs.ttl.html
no html insert in C:\Users\eren\AppData\Local\Temp\web-root\run-20260827\cibmtr-reporting\0.1.9\ValueSet-med-ursodiol-vs.xml.html
  .. 533 files checked, 0 updated
  .. 189 clones checked, 74 updated
Update publish box for version 0.1.8 @ http://fhir.nmdp.org/ig/cibmtr-reporting/0.1.8
Publish Box Statement: This page is part of the CIBMTR Reporting Implementation Guide (v0.1.8: Release) based on <a data-no-external="true" href="http://hl7.org/fhir/R4">FHIR (HL7® FHIR® Standard) R4</a>. The current version which supersedes this version is <a data-no-external="true" href="http://fhir.nmdp.org/ig/cibmtr-reporting{{fn}}">0.1.12</a>.  For a full list of available versions, see the <a data-no-external="true" href="http://fhir.nmdp.org/ig/cibmtr-reporting/history.html">Directory of published versions</a>
no html insert in C:\Users\eren\AppData\Local\Temp\web-root\run-20260827\cibmtr-reporting\0.1.8\Appendices.html
no html insert in C:\Users\eren\AppData\Local\Temp\web-root\run-20260827\cibmtr-reporting\0.1.8\Medication-Medication-Post-HCT-Disease-Therapy-Example.xml.html
no html insert in C:\Users\eren\AppData\Local\Temp\web-root\run-20260827\cibmtr-reporting\0.1.8\Patient.html
no html insert in C:\Users\eren\AppData\Local\Temp\web-root\run-20260827\cibmtr-reporting\0.1.8\StructureDefinition-cibmtr-additional-peri-transplant-medication-definitions.html
no html insert in C:\Users\eren\AppData\Local\Temp\web-root\run-20260827\cibmtr-reporting\0.1.8\StructureDefinition-cibmtr-additional-peri-transplant-medication.html
no html insert in C:\Users\eren\AppData\Local\Temp\web-root\run-20260827\cibmtr-reporting\0.1.8\StructureDefinition-cibmtr-additional-peri-transplant-medication.profile.json.html
no html insert in C:\Users\eren\AppData\Local\Temp\web-root\run-20260827\cibmtr-reporting\0.1.8\StructureDefinition-cibmtr-additional-peri-transplant-medication.profile.ttl.html
no html insert in C:\Users\eren\AppData\Local\Temp\web-root\run-20260827\cibmtr-reporting\0.1.8\StructureDefinition-cibmtr-additional-peri-transplant-medication.profile.xml.html
no html insert in C:\Users\eren\AppData\Local\Temp\web-root\run-20260827\cibmtr-reporting\0.1.8\StructureDefinition-cibmtr-cytogenetics-definitions.html
no html insert in C:\Users\eren\AppData\Local\Temp\web-root\run-20260827\cibmtr-reporting\0.1.8\StructureDefinition-cibmtr-cytogenetics-mappings.html
no html insert in C:\Users\eren\AppData\Local\Temp\web-root\run-20260827\cibmtr-reporting\0.1.8\StructureDefinition-cibmtr-gvhd-prophylaxis-medication-definitions.html
no html insert in C:\Users\eren\AppData\Local\Temp\web-root\run-20260827\cibmtr-reporting\0.1.8\StructureDefinition-cibmtr-gvhd-prophylaxis-medication.html
no html insert in C:\Users\eren\AppData\Local\Temp\web-root\run-20260827\cibmtr-reporting\0.1.8\StructureDefinition-cibmtr-gvhd-prophylaxis-medication.profile.json.html
no html insert in C:\Users\eren\AppData\Local\Temp\web-root\run-20260827\cibmtr-reporting\0.1.8\StructureDefinition-cibmtr-gvhd-prophylaxis-medication.profile.ttl.html
no html insert in C:\Users\eren\AppData\Local\Temp\web-root\run-20260827\cibmtr-reporting\0.1.8\StructureDefinition-cibmtr-gvhd-prophylaxis-medication.profile.xml.html
no html insert in C:\Users\eren\AppData\Local\Temp\web-root\run-20260827\cibmtr-reporting\0.1.8\StructureDefinition-cibmtr-medication-administration-definitions.html
no html insert in C:\Users\eren\AppData\Local\Temp\web-root\run-20260827\cibmtr-reporting\0.1.8\StructureDefinition-cibmtr-medication-administration.html
no html insert in C:\Users\eren\AppData\Local\Temp\web-root\run-20260827\cibmtr-reporting\0.1.8\StructureDefinition-cibmtr-medication-administration.profile.json.html
no html insert in C:\Users\eren\AppData\Local\Temp\web-root\run-20260827\cibmtr-reporting\0.1.8\StructureDefinition-cibmtr-medication-administration.profile.ttl.html
no html insert in C:\Users\eren\AppData\Local\Temp\web-root\run-20260827\cibmtr-reporting\0.1.8\StructureDefinition-cibmtr-medication-administration.profile.xml.html
no html insert in C:\Users\eren\AppData\Local\Temp\web-root\run-20260827\cibmtr-reporting\0.1.8\StructureDefinition-cibmtr-medication-definitions.html
no html insert in C:\Users\eren\AppData\Local\Temp\web-root\run-20260827\cibmtr-reporting\0.1.8\StructureDefinition-cibmtr-medication-request-definitions.html
no html insert in C:\Users\eren\AppData\Local\Temp\web-root\run-20260827\cibmtr-reporting\0.1.8\StructureDefinition-cibmtr-medication-request-mappings.html
no html insert in C:\Users\eren\AppData\Local\Temp\web-root\run-20260827\cibmtr-reporting\0.1.8\StructureDefinition-cibmtr-medication-request.profile.json.html
no html insert in C:\Users\eren\AppData\Local\Temp\web-root\run-20260827\cibmtr-reporting\0.1.8\StructureDefinition-cibmtr-medication.html
no html insert in C:\Users\eren\AppData\Local\Temp\web-root\run-20260827\cibmtr-reporting\0.1.8\StructureDefinition-cibmtr-medication.profile.json.html
no html insert in C:\Users\eren\AppData\Local\Temp\web-root\run-20260827\cibmtr-reporting\0.1.8\StructureDefinition-cibmtr-medication.profile.ttl.html
no html insert in C:\Users\eren\AppData\Local\Temp\web-root\run-20260827\cibmtr-reporting\0.1.8\StructureDefinition-cibmtr-medication.profile.xml.html
no html insert in C:\Users\eren\AppData\Local\Temp\web-root\run-20260827\cibmtr-reporting\0.1.8\StructureDefinition-cibmtr-mobilizing-agent-medication-definitions.html
no html insert in C:\Users\eren\AppData\Local\Temp\web-root\run-20260827\cibmtr-reporting\0.1.8\StructureDefinition-cibmtr-mobilizing-agent-medication.html
no html insert in C:\Users\eren\AppData\Local\Temp\web-root\run-20260827\cibmtr-reporting\0.1.8\StructureDefinition-cibmtr-mobilizing-agent-medication.profile.ttl.html
no html insert in C:\Users\eren\AppData\Local\Temp\web-root\run-20260827\cibmtr-reporting\0.1.8\StructureDefinition-cibmtr-mobilizing-agent-medication.profile.xml.html
no html insert in C:\Users\eren\AppData\Local\Temp\web-root\run-20260827\cibmtr-reporting\0.1.8\StructureDefinition-cibmtr-obs-priority-variables-definitions.html
no html insert in C:\Users\eren\AppData\Local\Temp\web-root\run-20260827\cibmtr-reporting\0.1.8\StructureDefinition-cibmtr-observation-lab-definitions.html
no html insert in C:\Users\eren\AppData\Local\Temp\web-root\run-20260827\cibmtr-reporting\0.1.8\StructureDefinition-cibmtr-observation-lab.profile.json.html
no html insert in C:\Users\eren\AppData\Local\Temp\web-root\run-20260827\cibmtr-reporting\0.1.8\StructureDefinition-cibmtr-observation-lab.profile.ttl.html
no html insert in C:\Users\eren\AppData\Local\Temp\web-root\run-20260827\cibmtr-reporting\0.1.8\StructureDefinition-cibmtr-observation-lab.profile.xml.html
no html insert in C:\Users\eren\AppData\Local\Temp\web-root\run-20260827\cibmtr-reporting\0.1.8\StructureDefinition-cibmtr-patient.html
no html insert in C:\Users\eren\AppData\Local\Temp\web-root\run-20260827\cibmtr-reporting\0.1.8\StructureDefinition-cibmtr-patient.profile.ttl.html
no html insert in C:\Users\eren\AppData\Local\Temp\web-root\run-20260827\cibmtr-reporting\0.1.8\StructureDefinition-cibmtr-post-hct-disease-therapy-planned-medication-definitions.html
no html insert in C:\Users\eren\AppData\Local\Temp\web-root\run-20260827\cibmtr-reporting\0.1.8\StructureDefinition-cibmtr-post-hct-disease-therapy-planned-medication.profile.ttl.html
no html insert in C:\Users\eren\AppData\Local\Temp\web-root\run-20260827\cibmtr-reporting\0.1.8\StructureDefinition-cibmtr-prep-regimen-medication-definitions.html
no html insert in C:\Users\eren\AppData\Local\Temp\web-root\run-20260827\cibmtr-reporting\0.1.8\StructureDefinition-cibmtr-prep-regimen-medication.profile.json.html
no html insert in C:\Users\eren\AppData\Local\Temp\web-root\run-20260827\cibmtr-reporting\0.1.8\StructureDefinition-cibmtr-prep-regimen-medication.profile.ttl.html
no html insert in C:\Users\eren\AppData\Local\Temp\web-root\run-20260827\cibmtr-reporting\0.1.8\StructureDefinition-cibmtr-prep-regimen-medication.profile.xml.html
no html insert in C:\Users\eren\AppData\Local\Temp\web-root\run-20260827\cibmtr-reporting\0.1.8\StructureDefinition-cibmtr-prior-exposure-medication-definitions.html
no html insert in C:\Users\eren\AppData\Local\Temp\web-root\run-20260827\cibmtr-reporting\0.1.8\StructureDefinition-cibmtr-prior-exposure-medication.profile.ttl.html
no html insert in C:\Users\eren\AppData\Local\Temp\web-root\run-20260827\cibmtr-reporting\0.1.8\StructureDefinition-cibmtr-prior-exposure-medication.profile.xml.html
no html insert in C:\Users\eren\AppData\Local\Temp\web-root\run-20260827\cibmtr-reporting\0.1.8\StructureDefinition-cibmtr-vital-signs-definitions.html
no html insert in C:\Users\eren\AppData\Local\Temp\web-root\run-20260827\cibmtr-reporting\0.1.8\StructureDefinition-cibmtr-vital-signs-height-definitions.html
no html insert in C:\Users\eren\AppData\Local\Temp\web-root\run-20260827\cibmtr-reporting\0.1.8\StructureDefinition-cibmtr-vital-signs-height-mappings.html
no html insert in C:\Users\eren\AppData\Local\Temp\web-root\run-20260827\cibmtr-reporting\0.1.8\StructureDefinition-cibmtr-vital-signs-mappings.html
no html insert in C:\Users\eren\AppData\Local\Temp\web-root\run-20260827\cibmtr-reporting\0.1.8\StructureDefinition-cibmtr-vital-signs-weight-definitions.html
no html insert in C:\Users\eren\AppData\Local\Temp\web-root\run-20260827\cibmtr-reporting\0.1.8\StructureDefinition-cibmtr-vital-signs-weight-mappings.html
no html insert in C:\Users\eren\AppData\Local\Temp\web-root\run-20260827\cibmtr-reporting\0.1.8\StructureDefinition-cibmtr-vital-signs-weight.profile.json.html
no html insert in C:\Users\eren\AppData\Local\Temp\web-root\run-20260827\cibmtr-reporting\0.1.8\StructureDefinition-cibmtr-vital-signs.profile.json.html
no html insert in C:\Users\eren\AppData\Local\Temp\web-root\run-20260827\cibmtr-reporting\0.1.8\toc.html
no html insert in C:\Users\eren\AppData\Local\Temp\web-root\run-20260827\cibmtr-reporting\0.1.8\ValueSet-cbc-w-ordered-manual-differential-blood-vs.html
no html insert in C:\Users\eren\AppData\Local\Temp\web-root\run-20260827\cibmtr-reporting\0.1.8\ValueSet-cibmtr-priority-variables-2021.html
no html insert in C:\Users\eren\AppData\Local\Temp\web-root\run-20260827\cibmtr-reporting\0.1.8\ValueSet-cibmtr-priority-variables-2021.json.html
no html insert in C:\Users\eren\AppData\Local\Temp\web-root\run-20260827\cibmtr-reporting\0.1.8\ValueSet-cibmtr-priority-variables-2021.ttl.html
no html insert in C:\Users\eren\AppData\Local\Temp\web-root\run-20260827\cibmtr-reporting\0.1.8\ValueSet-cibmtr-priority-variables-2021.xml.html
no html insert in C:\Users\eren\AppData\Local\Temp\web-root\run-20260827\cibmtr-reporting\0.1.8\ValueSet-cibmtr-priority-variables-2022.html
no html insert in C:\Users\eren\AppData\Local\Temp\web-root\run-20260827\cibmtr-reporting\0.1.8\ValueSet-cibmtr-priority-variables-2022.json.html
no html insert in C:\Users\eren\AppData\Local\Temp\web-root\run-20260827\cibmtr-reporting\0.1.8\ValueSet-cibmtr-priority-variables-2022.ttl.html
no html insert in C:\Users\eren\AppData\Local\Temp\web-root\run-20260827\cibmtr-reporting\0.1.8\ValueSet-cibmtr-priority-variables-2022.xml.html
no html insert in C:\Users\eren\AppData\Local\Temp\web-root\run-20260827\cibmtr-reporting\0.1.8\ValueSet-cibmtr-priority-variables-epic-2021.json.html
no html insert in C:\Users\eren\AppData\Local\Temp\web-root\run-20260827\cibmtr-reporting\0.1.8\ValueSet-cibmtr-priority-variables-epic-2021.ttl.html
no html insert in C:\Users\eren\AppData\Local\Temp\web-root\run-20260827\cibmtr-reporting\0.1.8\ValueSet-differential-unspecified-blood-vs.xml.html
no html insert in C:\Users\eren\AppData\Local\Temp\web-root\run-20260827\cibmtr-reporting\0.1.8\ValueSet-erythrocyte-morphology-blood-vs.ttl.html
no html insert in C:\Users\eren\AppData\Local\Temp\web-root\run-20260827\cibmtr-reporting\0.1.8\ValueSet-erythrocyte-morphology-blood-vs.xml.html
no html insert in C:\Users\eren\AppData\Local\Temp\web-root\run-20260827\cibmtr-reporting\0.1.8\ValueSet-hematopoietic-disorder-vs.html
no html insert in C:\Users\eren\AppData\Local\Temp\web-root\run-20260827\cibmtr-reporting\0.1.8\ValueSet-manual-differential-blood-vs.html
no html insert in C:\Users\eren\AppData\Local\Temp\web-root\run-20260827\cibmtr-reporting\0.1.8\ValueSet-manual-differential-blood-vs.ttl.html
no html insert in C:\Users\eren\AppData\Local\Temp\web-root\run-20260827\cibmtr-reporting\0.1.8\ValueSet-manual-differential-blood-vs.xml.html
no html insert in C:\Users\eren\AppData\Local\Temp\web-root\run-20260827\cibmtr-reporting\0.1.8\ValueSet-med-addition-peri-transplant-vs.html
no html insert in C:\Users\eren\AppData\Local\Temp\web-root\run-20260827\cibmtr-reporting\0.1.8\ValueSet-med-addition-peri-transplant-vs.json.html
no html insert in C:\Users\eren\AppData\Local\Temp\web-root\run-20260827\cibmtr-reporting\0.1.8\ValueSet-med-all-form2400-vs.html
no html insert in C:\Users\eren\AppData\Local\Temp\web-root\run-20260827\cibmtr-reporting\0.1.8\ValueSet-med-busulfan-vs.xml.html
no html insert in C:\Users\eren\AppData\Local\Temp\web-root\run-20260827\cibmtr-reporting\0.1.8\ValueSet-med-cyclophosphamide-vs.json.html
no html insert in C:\Users\eren\AppData\Local\Temp\web-root\run-20260827\cibmtr-reporting\0.1.8\ValueSet-med-cyclophosphamide-vs.ttl.html
no html insert in C:\Users\eren\AppData\Local\Temp\web-root\run-20260827\cibmtr-reporting\0.1.8\ValueSet-med-cyclophosphamide-vs.xml.html
no html insert in C:\Users\eren\AppData\Local\Temp\web-root\run-20260827\cibmtr-reporting\0.1.8\ValueSet-med-etoposide-vs.ttl.html
no html insert in C:\Users\eren\AppData\Local\Temp\web-root\run-20260827\cibmtr-reporting\0.1.8\ValueSet-med-gvhd-prophylaxis-vs.json.html
no html insert in C:\Users\eren\AppData\Local\Temp\web-root\run-20260827\cibmtr-reporting\0.1.8\ValueSet-med-gvhd-prophylaxis-vs.ttl.html
no html insert in C:\Users\eren\AppData\Local\Temp\web-root\run-20260827\cibmtr-reporting\0.1.8\ValueSet-med-gvhd-prophylaxis-vs.xml.html
no html insert in C:\Users\eren\AppData\Local\Temp\web-root\run-20260827\cibmtr-reporting\0.1.8\ValueSet-med-mobilizing-agents-vs.html
no html insert in C:\Users\eren\AppData\Local\Temp\web-root\run-20260827\cibmtr-reporting\0.1.8\ValueSet-med-mobilizing-agents-vs.json.html
no html insert in C:\Users\eren\AppData\Local\Temp\web-root\run-20260827\cibmtr-reporting\0.1.8\ValueSet-med-mobilizing-agents-vs.ttl.html
no html insert in C:\Users\eren\AppData\Local\Temp\web-root\run-20260827\cibmtr-reporting\0.1.8\ValueSet-med-mobilizing-agents-vs.xml.html
no html insert in C:\Users\eren\AppData\Local\Temp\web-root\run-20260827\cibmtr-reporting\0.1.8\ValueSet-med-post-hct-disease-therapy-planned-vs.json.html
no html insert in C:\Users\eren\AppData\Local\Temp\web-root\run-20260827\cibmtr-reporting\0.1.8\ValueSet-med-post-hct-disease-therapy-planned-vs.ttl.html
no html insert in C:\Users\eren\AppData\Local\Temp\web-root\run-20260827\cibmtr-reporting\0.1.8\ValueSet-med-post-hct-disease-therapy-planned-vs.xml.html
no html insert in C:\Users\eren\AppData\Local\Temp\web-root\run-20260827\cibmtr-reporting\0.1.8\ValueSet-med-prep-regimen-vs.json.html
no html insert in C:\Users\eren\AppData\Local\Temp\web-root\run-20260827\cibmtr-reporting\0.1.8\ValueSet-med-prep-regimen-vs.ttl.html
no html insert in C:\Users\eren\AppData\Local\Temp\web-root\run-20260827\cibmtr-reporting\0.1.8\ValueSet-med-prior-exposure-vs.json.html
no html insert in C:\Users\eren\AppData\Local\Temp\web-root\run-20260827\cibmtr-reporting\0.1.8\ValueSet-med-prior-exposure-vs.ttl.html
no html insert in C:\Users\eren\AppData\Local\Temp\web-root\run-20260827\cibmtr-reporting\0.1.8\ValueSet-med-prior-exposure-vs.xml.html
no html insert in C:\Users\eren\AppData\Local\Temp\web-root\run-20260827\cibmtr-reporting\0.1.8\ValueSet-med-rituximab-vs.ttl.html
no html insert in C:\Users\eren\AppData\Local\Temp\web-root\run-20260827\cibmtr-reporting\0.1.8\ValueSet-med-ursodiol-vs.ttl.html
  .. 512 files checked, 0 updated
  .. 182 clones checked, 66 updated
Update publish box for version 0.1.6 @ http://fhir.nmdp.org/ig/cibmtr-reporting/0.1.6
Publish Box Statement: This page is part of the CIBMTR Reporting Implementation Guide (v0.1.6: Release) based on <a data-no-external="true" href="http://hl7.org/fhir/R4">FHIR (HL7® FHIR® Standard) R4</a>. The current version which supersedes this version is <a data-no-external="true" href="http://fhir.nmdp.org/ig/cibmtr-reporting{{fn}}">0.1.12</a>.  For a full list of available versions, see the <a data-no-external="true" href="http://fhir.nmdp.org/ig/cibmtr-reporting/history.html">Directory of published versions</a>
no html insert in C:\Users\eren\AppData\Local\Temp\web-root\run-20260827\cibmtr-reporting\0.1.6\Appendices.html
no html insert in C:\Users\eren\AppData\Local\Temp\web-root\run-20260827\cibmtr-reporting\0.1.6\artifacts.html
no html insert in C:\Users\eren\AppData\Local\Temp\web-root\run-20260827\cibmtr-reporting\0.1.6\Connection-Guide-R4.html
no html insert in C:\Users\eren\AppData\Local\Temp\web-root\run-20260827\cibmtr-reporting\0.1.6\Direct-FHIR-STU3.html
no html insert in C:\Users\eren\AppData\Local\Temp\web-root\run-20260827\cibmtr-reporting\0.1.6\Example-Code.html
no html insert in C:\Users\eren\AppData\Local\Temp\web-root\run-20260827\cibmtr-reporting\0.1.6\Medication-Medication-Post-HCT-Disease-Therapy-Example.ttl.html
no html insert in C:\Users\eren\AppData\Local\Temp\web-root\run-20260827\cibmtr-reporting\0.1.6\Medication-Medication-Post-HCT-Disease-Therapy-Example.xml.html
no html insert in C:\Users\eren\AppData\Local\Temp\web-root\run-20260827\cibmtr-reporting\0.1.6\Patient.html
no html insert in C:\Users\eren\AppData\Local\Temp\web-root\run-20260827\cibmtr-reporting\0.1.6\StructureDefinition-cibmtr-additional-peri-transplant-medication.html
no html insert in C:\Users\eren\AppData\Local\Temp\web-root\run-20260827\cibmtr-reporting\0.1.6\StructureDefinition-cibmtr-additional-peri-transplant-medication.profile.ttl.html
no html insert in C:\Users\eren\AppData\Local\Temp\web-root\run-20260827\cibmtr-reporting\0.1.6\StructureDefinition-cibmtr-additional-peri-transplant-medication.profile.xml.html
no html insert in C:\Users\eren\AppData\Local\Temp\web-root\run-20260827\cibmtr-reporting\0.1.6\StructureDefinition-cibmtr-cytogenetics-mappings.html
no html insert in C:\Users\eren\AppData\Local\Temp\web-root\run-20260827\cibmtr-reporting\0.1.6\StructureDefinition-cibmtr-gvhd-prophylaxis-medication.html
no html insert in C:\Users\eren\AppData\Local\Temp\web-root\run-20260827\cibmtr-reporting\0.1.6\StructureDefinition-cibmtr-gvhd-prophylaxis-medication.profile.json.html
no html insert in C:\Users\eren\AppData\Local\Temp\web-root\run-20260827\cibmtr-reporting\0.1.6\StructureDefinition-cibmtr-gvhd-prophylaxis-medication.profile.ttl.html
no html insert in C:\Users\eren\AppData\Local\Temp\web-root\run-20260827\cibmtr-reporting\0.1.6\StructureDefinition-cibmtr-gvhd-prophylaxis-medication.profile.xml.html
no html insert in C:\Users\eren\AppData\Local\Temp\web-root\run-20260827\cibmtr-reporting\0.1.6\StructureDefinition-cibmtr-medication-administration.profile.ttl.html
no html insert in C:\Users\eren\AppData\Local\Temp\web-root\run-20260827\cibmtr-reporting\0.1.6\StructureDefinition-cibmtr-medication-definitions.html
no html insert in C:\Users\eren\AppData\Local\Temp\web-root\run-20260827\cibmtr-reporting\0.1.6\StructureDefinition-cibmtr-medication.profile.json.html
no html insert in C:\Users\eren\AppData\Local\Temp\web-root\run-20260827\cibmtr-reporting\0.1.6\StructureDefinition-cibmtr-mobilizing-agent-medication-definitions.html
no html insert in C:\Users\eren\AppData\Local\Temp\web-root\run-20260827\cibmtr-reporting\0.1.6\StructureDefinition-cibmtr-obs-priority-variables-definitions.html
no html insert in C:\Users\eren\AppData\Local\Temp\web-root\run-20260827\cibmtr-reporting\0.1.6\StructureDefinition-cibmtr-obs-priority-variables.profile.json.html
no html insert in C:\Users\eren\AppData\Local\Temp\web-root\run-20260827\cibmtr-reporting\0.1.6\StructureDefinition-cibmtr-obs-priority-variables.profile.ttl.html
no html insert in C:\Users\eren\AppData\Local\Temp\web-root\run-20260827\cibmtr-reporting\0.1.6\StructureDefinition-cibmtr-observation-lab-definitions.html
no html insert in C:\Users\eren\AppData\Local\Temp\web-root\run-20260827\cibmtr-reporting\0.1.6\StructureDefinition-cibmtr-observation-lab.profile.json.html
no html insert in C:\Users\eren\AppData\Local\Temp\web-root\run-20260827\cibmtr-reporting\0.1.6\StructureDefinition-cibmtr-observation-lab.profile.ttl.html
no html insert in C:\Users\eren\AppData\Local\Temp\web-root\run-20260827\cibmtr-reporting\0.1.6\StructureDefinition-cibmtr-patient.html
no html insert in C:\Users\eren\AppData\Local\Temp\web-root\run-20260827\cibmtr-reporting\0.1.6\StructureDefinition-cibmtr-patient.profile.ttl.html
no html insert in C:\Users\eren\AppData\Local\Temp\web-root\run-20260827\cibmtr-reporting\0.1.6\StructureDefinition-cibmtr-patient.profile.xml.html
no html insert in C:\Users\eren\AppData\Local\Temp\web-root\run-20260827\cibmtr-reporting\0.1.6\StructureDefinition-cibmtr-post-hct-disease-therapy-planned-medication.html
no html insert in C:\Users\eren\AppData\Local\Temp\web-root\run-20260827\cibmtr-reporting\0.1.6\StructureDefinition-cibmtr-post-hct-disease-therapy-planned-medication.profile.json.html
no html insert in C:\Users\eren\AppData\Local\Temp\web-root\run-20260827\cibmtr-reporting\0.1.6\StructureDefinition-cibmtr-post-hct-disease-therapy-planned-medication.profile.ttl.html
no html insert in C:\Users\eren\AppData\Local\Temp\web-root\run-20260827\cibmtr-reporting\0.1.6\StructureDefinition-cibmtr-post-hct-disease-therapy-planned-medication.profile.xml.html
no html insert in C:\Users\eren\AppData\Local\Temp\web-root\run-20260827\cibmtr-reporting\0.1.6\StructureDefinition-cibmtr-prep-regimen-medication-definitions.html
no html insert in C:\Users\eren\AppData\Local\Temp\web-root\run-20260827\cibmtr-reporting\0.1.6\StructureDefinition-cibmtr-prep-regimen-medication.html
no html insert in C:\Users\eren\AppData\Local\Temp\web-root\run-20260827\cibmtr-reporting\0.1.6\StructureDefinition-cibmtr-prep-regimen-medication.profile.json.html
no html insert in C:\Users\eren\AppData\Local\Temp\web-root\run-20260827\cibmtr-reporting\0.1.6\StructureDefinition-cibmtr-prep-regimen-medication.profile.ttl.html
no html insert in C:\Users\eren\AppData\Local\Temp\web-root\run-20260827\cibmtr-reporting\0.1.6\StructureDefinition-cibmtr-prep-regimen-medication.profile.xml.html
no html insert in C:\Users\eren\AppData\Local\Temp\web-root\run-20260827\cibmtr-reporting\0.1.6\StructureDefinition-cibmtr-prior-exposure-medication-definitions.html
no html insert in C:\Users\eren\AppData\Local\Temp\web-root\run-20260827\cibmtr-reporting\0.1.6\StructureDefinition-cibmtr-prior-exposure-medication.html
no html insert in C:\Users\eren\AppData\Local\Temp\web-root\run-20260827\cibmtr-reporting\0.1.6\StructureDefinition-cibmtr-prior-exposure-medication.profile.json.html
no html insert in C:\Users\eren\AppData\Local\Temp\web-root\run-20260827\cibmtr-reporting\0.1.6\StructureDefinition-cibmtr-prior-exposure-medication.profile.ttl.html
no html insert in C:\Users\eren\AppData\Local\Temp\web-root\run-20260827\cibmtr-reporting\0.1.6\StructureDefinition-cibmtr-prior-exposure-medication.profile.xml.html
no html insert in C:\Users\eren\AppData\Local\Temp\web-root\run-20260827\cibmtr-reporting\0.1.6\ValueSet-auto-differential-blood-vs.xml.html
no html insert in C:\Users\eren\AppData\Local\Temp\web-root\run-20260827\cibmtr-reporting\0.1.6\ValueSet-cbc-w-differential-unspecified-blood-vs.html
no html insert in C:\Users\eren\AppData\Local\Temp\web-root\run-20260827\cibmtr-reporting\0.1.6\ValueSet-cibmtr-priority-variables-2021.json.html
no html insert in C:\Users\eren\AppData\Local\Temp\web-root\run-20260827\cibmtr-reporting\0.1.6\ValueSet-cibmtr-priority-variables-2021.ttl.html
no html insert in C:\Users\eren\AppData\Local\Temp\web-root\run-20260827\cibmtr-reporting\0.1.6\ValueSet-cibmtr-priority-variables-2021.xml.html
no html insert in C:\Users\eren\AppData\Local\Temp\web-root\run-20260827\cibmtr-reporting\0.1.6\ValueSet-cibmtr-priority-variables-2022.html
no html insert in C:\Users\eren\AppData\Local\Temp\web-root\run-20260827\cibmtr-reporting\0.1.6\ValueSet-cibmtr-priority-variables-2022.ttl.html
no html insert in C:\Users\eren\AppData\Local\Temp\web-root\run-20260827\cibmtr-reporting\0.1.6\ValueSet-cibmtr-priority-variables-2022.xml.html
no html insert in C:\Users\eren\AppData\Local\Temp\web-root\run-20260827\cibmtr-reporting\0.1.6\ValueSet-cibmtr-priority-variables-epic-2021.json.html
no html insert in C:\Users\eren\AppData\Local\Temp\web-root\run-20260827\cibmtr-reporting\0.1.6\ValueSet-cibmtr-priority-variables-epic-2021.ttl.html
no html insert in C:\Users\eren\AppData\Local\Temp\web-root\run-20260827\cibmtr-reporting\0.1.6\ValueSet-cibmtr-priority-variables-epic-2021.xml.html
no html insert in C:\Users\eren\AppData\Local\Temp\web-root\run-20260827\cibmtr-reporting\0.1.6\ValueSet-erythrocyte-morphology-blood-vs.ttl.html
no html insert in C:\Users\eren\AppData\Local\Temp\web-root\run-20260827\cibmtr-reporting\0.1.6\ValueSet-erythrocyte-morphology-blood-vs.xml.html
no html insert in C:\Users\eren\AppData\Local\Temp\web-root\run-20260827\cibmtr-reporting\0.1.6\ValueSet-hematopoietic-disorder-vs.html
no html insert in C:\Users\eren\AppData\Local\Temp\web-root\run-20260827\cibmtr-reporting\0.1.6\ValueSet-manual-differential-blood-vs.html
no html insert in C:\Users\eren\AppData\Local\Temp\web-root\run-20260827\cibmtr-reporting\0.1.6\ValueSet-manual-differential-blood-vs.json.html
no html insert in C:\Users\eren\AppData\Local\Temp\web-root\run-20260827\cibmtr-reporting\0.1.6\ValueSet-manual-differential-blood-vs.xml.html
no html insert in C:\Users\eren\AppData\Local\Temp\web-root\run-20260827\cibmtr-reporting\0.1.6\ValueSet-med-addition-peri-transplant-vs.json.html
no html insert in C:\Users\eren\AppData\Local\Temp\web-root\run-20260827\cibmtr-reporting\0.1.6\ValueSet-med-busulfan-vs.xml.html
no html insert in C:\Users\eren\AppData\Local\Temp\web-root\run-20260827\cibmtr-reporting\0.1.6\ValueSet-med-cyclophosphamide-vs.json.html
no html insert in C:\Users\eren\AppData\Local\Temp\web-root\run-20260827\cibmtr-reporting\0.1.6\ValueSet-med-cyclophosphamide-vs.ttl.html
no html insert in C:\Users\eren\AppData\Local\Temp\web-root\run-20260827\cibmtr-reporting\0.1.6\ValueSet-med-cytarabine-vs.ttl.html
no html insert in C:\Users\eren\AppData\Local\Temp\web-root\run-20260827\cibmtr-reporting\0.1.6\ValueSet-med-cytarabine-vs.xml.html
no html insert in C:\Users\eren\AppData\Local\Temp\web-root\run-20260827\cibmtr-reporting\0.1.6\ValueSet-med-etoposide-vs.ttl.html
no html insert in C:\Users\eren\AppData\Local\Temp\web-root\run-20260827\cibmtr-reporting\0.1.6\ValueSet-med-etoposide-vs.xml.html
no html insert in C:\Users\eren\AppData\Local\Temp\web-root\run-20260827\cibmtr-reporting\0.1.6\ValueSet-med-gvhd-prophylaxis-vs.html
no html insert in C:\Users\eren\AppData\Local\Temp\web-root\run-20260827\cibmtr-reporting\0.1.6\ValueSet-med-gvhd-prophylaxis-vs.json.html
no html insert in C:\Users\eren\AppData\Local\Temp\web-root\run-20260827\cibmtr-reporting\0.1.6\ValueSet-med-gvhd-prophylaxis-vs.xml.html
no html insert in C:\Users\eren\AppData\Local\Temp\web-root\run-20260827\cibmtr-reporting\0.1.6\ValueSet-med-mobilizing-agents-vs.html
no html insert in C:\Users\eren\AppData\Local\Temp\web-root\run-20260827\cibmtr-reporting\0.1.6\ValueSet-med-mobilizing-agents-vs.json.html
no html insert in C:\Users\eren\AppData\Local\Temp\web-root\run-20260827\cibmtr-reporting\0.1.6\ValueSet-med-mobilizing-agents-vs.ttl.html
no html insert in C:\Users\eren\AppData\Local\Temp\web-root\run-20260827\cibmtr-reporting\0.1.6\ValueSet-med-post-hct-disease-therapy-planned-vs.html
no html insert in C:\Users\eren\AppData\Local\Temp\web-root\run-20260827\cibmtr-reporting\0.1.6\ValueSet-med-post-hct-disease-therapy-planned-vs.ttl.html
no html insert in C:\Users\eren\AppData\Local\Temp\web-root\run-20260827\cibmtr-reporting\0.1.6\ValueSet-med-post-hct-disease-therapy-planned-vs.xml.html
no html insert in C:\Users\eren\AppData\Local\Temp\web-root\run-20260827\cibmtr-reporting\0.1.6\ValueSet-med-prep-regimen-vs.json.html
no html insert in C:\Users\eren\AppData\Local\Temp\web-root\run-20260827\cibmtr-reporting\0.1.6\ValueSet-med-prior-exposure-vs.html
no html insert in C:\Users\eren\AppData\Local\Temp\web-root\run-20260827\cibmtr-reporting\0.1.6\ValueSet-med-rituximab-vs.ttl.html
no html insert in C:\Users\eren\AppData\Local\Temp\web-root\run-20260827\cibmtr-reporting\0.1.6\ValueSet-med-ursodiol-vs.ttl.html
  .. 479 files checked, 0 updated
  .. 172 clones checked, 52 updated
Publish Box Statement: This page is part of the CIBMTR Reporting Implementation Guide (v0.1.12: Release) based on <a data-no-external="true" href="http://hl7.org/fhir/R4">FHIR (HL7® FHIR® Standard) R4</a>. This is the current published version.  For a full list of available versions, see the <a data-no-external="true" href="http://fhir.nmdp.org/ig/cibmtr-reporting/history.html">Directory of published versions</a>
  .. 646 files checked, 646 updated
  .. 211 clones checked, 422 updated
  .. 103 redirections (103 created/updated)
Check for Files to delete
  ... 0 files
Copy to new IG C:\Users\eren\AppData\Local\Temp\web-root\run-20260827\cibmtr-reporting
nmdp.fhir.cibmtr-reporting (http://fhir.nmdp.org/ig/cibmtr-reporting): CIBMTR Reporting Implementation Guide @ http://nmdp-ig.github.io/cibmtr-reporting-ig
  edition: Release 0.1.12/4.0.1 @ http://fhir.nmdp.org/ig/cibmtr-reporting/0.1.12
Build is complete. Copy from C:\Users\eren\AppData\Local\Temp\web-root\run-20260827
Update history page at C:\Users\eren\AppData\Local\Temp\web-root\run-20260827\cibmtr-reporting from D:\IG\V12_Test\publication\ig-history and publication/web-root/history-templates
